Company,Tree Name,Name,Description,Visible,Allocate Time,Cost Center Extra 1
InpCouChes,Job Code,000100,"Commissioner",Y,Y,
InpCouChes,Job Code,000200,"Commissioner Chair",Y,Y,
InpCouChes,Job Code,000300,"Treasurer",Y,Y,
InpCouChes,Job Code,000400,"Controller",Y,Y,
InpCouChes,Job Code,000500,"Recorder Of Deeds",Y,Y,
InpCouChes,Job Code,000600,"Register Of Wills",Y,Y,
InpCouChes,Job Code,000700,"Sheriff",Y,Y,
InpCouChes,Job Code,000800,"Coroner",Y,Y,
InpCouChes,Job Code,000900,"Prothonotary",Y,Y,
InpCouChes,Job Code,001000,"Clerk Of Courts",Y,Y,
InpCouChes,Job Code,001100,"District Attorney",Y,Y,
InpCouChes,Job Code,001200,"Jury Commissioner",Y,Y,
InpCouChes,Job Code,010010,"Chief Operating Officer",Y,Y,
InpCouChes,Job Code,010015,"County Administrator",Y,Y,
InpCouChes,Job Code,010016,"Deputy County Administrator",Y,Y,
InpCouChes,Job Code,010020,"Director Govt Svcs ",Y,Y,
InpCouChes,Job Code,010030,"Director Human Services",Y,Y,
InpCouChes,Job Code,010035,"Quality Operations Director",Y,Y,
InpCouChes,Job Code,010038,"Mental Health Prgrm Dir ",Y,Y,
InpCouChes,Job Code,010039,"IDD Program Director",Y,Y,
InpCouChes,Job Code,010040,"County Public Health Dir",Y,Y,
InpCouChes,Job Code,010050,"Dir Of Policy & Planning ",Y,Y,
InpCouChes,Job Code,010060,"Nursing Home Admnstrtr",Y,Y,Administrator
InpCouChes,Job Code,010070,"Director Of CYF",Y,Y,
InpCouChes,Job Code,010080,"Director of MH IDD",Y,Y,
InpCouChes,Job Code,010089,"Director Economic Dvlpmnt ",Y,Y,
InpCouChes,Job Code,010090,"Dir Adult Juvenile Prob ",Y,Y,
InpCouChes,Job Code,010110,"A.A.A. Admin III (Aging)",Y,Y,
InpCouChes,Job Code,010120,"Director of Financial Services",Y,Y,
InpCouChes,Job Code,010123,"Chief Information Officer",Y,Y,
InpCouChes,Job Code,010125,"Chief Financial Officer",Y,Y,
InpCouChes,Job Code,010130,"Director Of Planning",Y,Y,
InpCouChes,Job Code,010140,"Director Of Libraries",Y,Y,
InpCouChes,Job Code,010150,"Warden",Y,Y,
InpCouChes,Job Code,010160,"Director of Facilities",Y,Y,
InpCouChes,Job Code,010170,"Dir Of Emergency Svcs",Y,Y,
InpCouChes,Job Code,010180,"Assistant Planning Dir",Y,Y,
InpCouChes,Job Code,010190,"Dir Of Drug & Alcohol",Y,Y,
InpCouChes,Job Code,010210,"Director HR & Performance Mgt",Y,Y,
InpCouChes,Job Code,010220,"Director of Procurement",Y,Y,
InpCouChes,Job Code,010230,"Director Of O.E.T. ",Y,Y,
InpCouChes,Job Code,010235,"Director Of Juvenile Svcs ",Y,Y,
InpCouChes,Job Code,010240,"Dir Bureau Personal Hlth",Y,Y,
InpCouChes,Job Code,010241,"Dir Bureau Population Health",Y,Y,
InpCouChes,Job Code,010245,"Deputy Hum Svcs Dir -MBHC",Y,Y,
InpCouChes,Job Code,010246,"Dep Dir of Community Transit",Y,Y,
InpCouChes,Job Code,010250,"Court Administrator ",Y,Y,
InpCouChes,Job Code,010255,"Director Adult Probation",Y,Y,
InpCouChes,Job Code,010260,"Dir Of Domestic Relations",Y,Y,
InpCouChes,Job Code,010265,"Director Juvenile Probtn",Y,Y,
InpCouChes,Job Code,010270,"Dir Parks & Recreation",Y,Y,
InpCouChes,Job Code,010280,"Deputy Controller",Y,Y,
InpCouChes,Job Code,010290,"Director of CC Youth Center",Y,Y,
InpCouChes,Job Code,010310,"Chief County Detective",Y,Y,
InpCouChes,Job Code,010320,"Director Of Assessment",Y,Y,
InpCouChes,Job Code,010331,"First Assist DA",Y,Y,
InpCouChes,Job Code,010345,"Asst Nursing Home Administratr",Y,Y,
InpCouChes,Job Code,010350,"Librarian V",Y,Y,
InpCouChes,Job Code,010355,"HS Fiscal Operations Director",Y,Y,
InpCouChes,Job Code,010360,"Detective Lieutenant",Y,Y,
InpCouChes,Job Code,010361,"Admin Officer III",Y,Y,
InpCouChes,Job Code,010362,"Behavioral Hlth Oprtns Mgr ",Y,Y,
InpCouChes,Job Code,010369,"Administrative Office IV",Y,Y,
InpCouChes,Job Code,010380,"Tax Claim Director",Y,Y,
InpCouChes,Job Code,010390,"Bail Administrator ",Y,Y,
InpCouChes,Job Code,010400,"County Solicitor",Y,Y,
InpCouChes,Job Code,010410,"Deputy Wrdn Security",Y,Y,
InpCouChes,Job Code,010420,"Director Of Voter Svcs",Y,Y,
InpCouChes,Job Code,010432,"Deputy Director, OET",Y,Y,
InpCouChes,Job Code,010440,"Chief Deputy Sheriff",Y,Y,
InpCouChes,Job Code,010442,"Chief Deputy Coroner",Y,Y,
InpCouChes,Job Code,010445,"Dir of Open Space Preservation",Y,Y,
InpCouChes,Job Code,010450,"Deputy Treasurer",Y,Y,
InpCouChes,Job Code,010460,"Deputy Prothonotary",Y,Y,
InpCouChes,Job Code,010470,"Deputy Register Of Wills",Y,Y,
InpCouChes,Job Code,010476,"Assist Dir Of Assessment",Y,Y,
InpCouChes,Job Code,010478,"Chief Assessor",Y,Y,
InpCouChes,Job Code,010480,"Deputy Clerk Of Courts",Y,Y,
InpCouChes,Job Code,010485,"Deputy Director - DCIS",Y,Y,
InpCouChes,Job Code,010487,"IT Audit Officer",Y,Y,
InpCouChes,Job Code,010488,"Dir of HS Community Develop",Y,Y,
InpCouChes,Job Code,010489,"Dir  Dept Comm Development",Y,Y,
InpCouChes,Job Code,010490,"Deputy Recorder Of Deeds",Y,Y,
InpCouChes,Job Code,010491,"Dir Workforce Development",Y,Y,
InpCouChes,Job Code,010492,"Director of Community Transit",Y,Y,
InpCouChes,Job Code,010510,"Dir Of Water Resources",Y,Y,
InpCouChes,Job Code,010520,"Consumer Affairs Director ",Y,Y,
InpCouChes,Job Code,010530,"Dir Of Veterans Affairs",Y,Y,
InpCouChes,Job Code,010540,"Chief Court Reporter",Y,Y,
InpCouChes,Job Code,010620,"Public Health Administrator",Y,Y,
InpCouChes,Job Code,020005,"Dep Dir, Sr Info Technolgy Mgr",Y,Y,
InpCouChes,Job Code,020020,"Dir Bureau Environ Hlth",Y,Y,
InpCouChes,Job Code,020023,"IS Project Leader-MBH",Y,Y,
InpCouChes,Job Code,020024,"Group Operations Manager",Y,Y,
InpCouChes,Job Code,020025,"GIS Manager ",Y,Y,
InpCouChes,Job Code,020030,"Casework Manager II",Y,Y,
InpCouChes,Job Code,020033,"Sr. Database Applications Lead",Y,Y,
InpCouChes,Job Code,020035,"Senior Database Administrator",Y,Y,
InpCouChes,Job Code,020037,"Risk Manager",Y,Y,
InpCouChes,Job Code,020041,"First Asst Public Defender",Y,Y,
InpCouChes,Job Code,020043,"Public Health Physician",Y,Y,
InpCouChes,Job Code,020045,"Epidemiological Research Assoc",Y,Y,
InpCouChes,Job Code,020046,"Sr. Oprtn Systms Admin-Library",Y,Y,
InpCouChes,Job Code,020050,"Deputy Directr-Adult Probation",Y,Y,
InpCouChes,Job Code,020051,"Deputy Director-AP1",Y,Y,
InpCouChes,Job Code,020052,"Deputy Director of CYF",Y,Y,
InpCouChes,Job Code,020053,"Deputy Director - AP",Y,Y,
InpCouChes,Job Code,020054,"Deputy Dir Admin ",Y,Y,
InpCouChes,Job Code,020057,"MH IDD Deputy Administrator I",Y,Y,
InpCouChes,Job Code,020060,"Planning Services Director",Y,Y,
InpCouChes,Job Code,020061,"Transportation Svcs Director",Y,Y,
InpCouChes,Job Code,020062,"Deputy Director of Procurement",Y,Y,
InpCouChes,Job Code,020063,"Technical Services Director",Y,Y,
InpCouChes,Job Code,020064,"Assist Administrator II",Y,Y,
InpCouChes,Job Code,020065,"Finance Director-OMBH",Y,Y,
InpCouChes,Job Code,020066,"Sustainability Director",Y,Y,
InpCouChes,Job Code,020067,"Agricultural Plng Director",Y,Y,
InpCouChes,Job Code,020068,"Infrast Plng & Dev Rev Directr",Y,Y,
InpCouChes,Job Code,020069,"Deputy County Solicitor",Y,Y,
InpCouChes,Job Code,020071,"Chief Deputy DA",Y,Y,
InpCouChes,Job Code,020072,"Economic Dev Progrm Admnistrtr",Y,Y,
InpCouChes,Job Code,020075,"Detective Captain",Y,Y,
InpCouChes,Job Code,020080,"Attorney IV",Y,Y,
InpCouChes,Job Code,020081,"Attorney IV",Y,Y,
InpCouChes,Job Code,020085,"Hearing Officer",Y,Y,
InpCouChes,Job Code,020097,"Chief Registrar",Y,Y,
InpCouChes,Job Code,020110,"Director Of Nursing",Y,Y,Registered Nurse Director of Nursing
InpCouChes,Job Code,020120,"Deputy Warden Rehab",Y,Y,
InpCouChes,Job Code,020121,"Planner IV",Y,Y,
InpCouChes,Job Code,020125,"GIS Coordinator - Planning",Y,Y,
InpCouChes,Job Code,020132,"Deputy AAA Admnstr III",Y,Y,
InpCouChes,Job Code,020135,"Deputy Director D A",Y,Y,
InpCouChes,Job Code,020140,"Social Worker III",Y,Y,
InpCouChes,Job Code,020141,"Clinical Director",Y,Y,
InpCouChes,Job Code,020147,"Probation Supervisor II (AP)",Y,Y,
InpCouChes,Job Code,020149,"Probation Supervisor II",Y,Y,
InpCouChes,Job Code,020150,"Probation Supervisor II",Y,Y,
InpCouChes,Job Code,020151,"Probation Supv II   Trng Coord",Y,Y,
InpCouChes,Job Code,020152,"User Liaison Supervisor",Y,Y,
InpCouChes,Job Code,020153,"Treatment Court Coordinator",Y,Y,
InpCouChes,Job Code,020154,"Assistant Warden",Y,Y,
InpCouChes,Job Code,020156,"Chief Clerk   Office Manager",Y,Y,
InpCouChes,Job Code,020160,"Benefits Manager",Y,Y,
InpCouChes,Job Code,020161,"Spanish Staff Interpreter",Y,Y,
InpCouChes,Job Code,020164,"Senior Admin Specialist",Y,Y,
InpCouChes,Job Code,020166,"Deputy Director of Pub Health",Y,Y,
InpCouChes,Job Code,020167,"Interpreter - Courts",Y,Y,
InpCouChes,Job Code,020168,"Telecommunications Analyst",Y,Y,
InpCouChes,Job Code,020171,"Telecommunication Administratr",Y,Y,
InpCouChes,Job Code,020172,"Stewardship Coordinator",Y,Y,
InpCouChes,Job Code,020173,"Heritage Preservation Coord",Y,Y,
InpCouChes,Job Code,020174,"Preservation Programs Coord",Y,Y,
InpCouChes,Job Code,020175,"Dir C.C. Conservatn Dist",Y,Y,
InpCouChes,Job Code,020176,"Administrative Sup Svc Coor II",Y,Y,
InpCouChes,Job Code,020177,"Deputy Director of HR",Y,Y,
InpCouChes,Job Code,020179,"Deputy PH Administrator",Y,Y,
InpCouChes,Job Code,020180,"Supv Family Intervention",Y,Y,
InpCouChes,Job Code,020181,"Admin Support Supervisor",Y,Y,
InpCouChes,Job Code,020182,"CareerLink Administrator",Y,Y,
InpCouChes,Job Code,020183,"Senior Compliance Coordinator",Y,Y,
InpCouChes,Job Code,020184,"Administrative HR Supervisor",Y,Y,Other Service Worker
InpCouChes,Job Code,020185,"Admin Support Supervisor",Y,Y,
InpCouChes,Job Code,020186,"Administrative HR Supervisor",Y,Y,
InpCouChes,Job Code,020189,"Law Librarian",Y,Y,
InpCouChes,Job Code,020190,"Librarian IV",Y,Y,
InpCouChes,Job Code,020210,"Librarian IV ",Y,Y,
InpCouChes,Job Code,020215,"Program Analyst II",Y,Y,
InpCouChes,Job Code,020218,"Casework Manager I CCIS",Y,Y,
InpCouChes,Job Code,020219,"Planning Supervisor",Y,Y,
InpCouChes,Job Code,020220,"Co Casework Manager I",Y,Y,
InpCouChes,Job Code,020221,"Community Service Supv II",Y,Y,
InpCouChes,Job Code,020222,"ID County Casework Manager I",Y,Y,
InpCouChes,Job Code,020223,"Child Abuse Investigations Mgr",Y,Y,
InpCouChes,Job Code,020227,"Deputy Dir Hsing Comm Dev",Y,Y,
InpCouChes,Job Code,020230,"Youth Center Deputy Director",Y,Y,
InpCouChes,Job Code,020231,"Senior Buyer",Y,Y,
InpCouChes,Job Code,020232,"Dpty Dir for 911 Operations",Y,Y,
InpCouChes,Job Code,020233,"Conservation Dist Asst Mgr",Y,Y,
InpCouChes,Job Code,020234,"Dpty Dir Technical Support EMS",Y,Y,
InpCouChes,Job Code,020235,"Assistant Dir of Operations",Y,Y,
InpCouChes,Job Code,020236,"Deputy Director of PST",Y,Y,
InpCouChes,Job Code,020237,"Deputy Dir of Administration",Y,Y,
InpCouChes,Job Code,020250,"Director Admin Svc",Y,Y,
InpCouChes,Job Code,020260,"Attorney III",Y,Y,
InpCouChes,Job Code,020261,"Attorney III",Y,Y,
InpCouChes,Job Code,020262,"Attorney III",Y,Y,
InpCouChes,Job Code,020267,"Assist Dir for Project Mgmnt",Y,Y,
InpCouChes,Job Code,020268,"Public Information Officer",Y,Y,
InpCouChes,Job Code,020272,"Database Adm-GIS Tech Architct",Y,Y,
InpCouChes,Job Code,020273,"Database Administrator",Y,Y,
InpCouChes,Job Code,020275,"Lead Project Manager - DCIS",Y,Y,
InpCouChes,Job Code,020277,"Deputy Dir Enterprise Systems",Y,Y,
InpCouChes,Job Code,020282,"GIS Analyst V",Y,Y,
InpCouChes,Job Code,020283,"GIS Analyst III",Y,Y,
InpCouChes,Job Code,020284,"GIS Services Lead",Y,Y,
InpCouChes,Job Code,020285,"Prjct Mgr-Bell Reconcilitn",Y,Y,
InpCouChes,Job Code,020310,"Manager, Finance & Admin Svcs",Y,Y,
InpCouChes,Job Code,020313,"Accounting Supervisor",Y,Y,
InpCouChes,Job Code,020321,"Deputy Crt Admn, Criminal",Y,Y,
InpCouChes,Job Code,020334,"Forensic Analyst",Y,Y,
InpCouChes,Job Code,020335,"Assist. Director of Parks & Re",Y,Y,
InpCouChes,Job Code,020336,"Criminal Justice Computr Analy",Y,Y,
InpCouChes,Job Code,020337,"Asst Dpty Dir for 911 Ctr",Y,Y,
InpCouChes,Job Code,020339,"Sustainability Coordinator",Y,Y,
InpCouChes,Job Code,020340,"Family Crt Legal Specialist",Y,Y,
InpCouChes,Job Code,020341,"Dep Dir for Technical Services",Y,Y,
InpCouChes,Job Code,020342,"Coroner's Investigator",Y,Y,
InpCouChes,Job Code,020343,"Pub Safety Training Campus Crd",Y,Y,
InpCouChes,Job Code,020344,"Family Court Administrator",Y,Y,
InpCouChes,Job Code,020345,"Autopsy Technician",Y,Y,
InpCouChes,Job Code,020346,"Court IT Administrator",Y,Y,
InpCouChes,Job Code,020347,"Asst Family Court Admin",Y,Y,
InpCouChes,Job Code,020350,"Auditor IV",Y,Y,
InpCouChes,Job Code,020360,"Accounting Manager",Y,Y,
InpCouChes,Job Code,020364,"Audit Manager",Y,Y,
InpCouChes,Job Code,020366,"Accounting Director  ",Y,Y,
InpCouChes,Job Code,020370,"Agricultural Prgrm Coord",Y,Y,
InpCouChes,Job Code,020380,"Assist Dir Juv Hm Ops ",Y,Y,
InpCouChes,Job Code,020385,"D&A Treatment Prgrm Mgr",Y,Y,
InpCouChes,Job Code,020389,"IT Trainer",Y,Y,
InpCouChes,Job Code,020393,"Systems Analyst Lead",Y,Y,
InpCouChes,Job Code,020394,"Chief Management Officer",Y,Y,
InpCouChes,Job Code,020395,"Accounts Payable Manager",Y,Y,
InpCouChes,Job Code,020398,"Homeless Planning Administratr",Y,Y,
InpCouChes,Job Code,020399,"Street Outreach Team Manager",Y,Y,
InpCouChes,Job Code,020410,"Emergency Svcs Coord II",Y,Y,
InpCouChes,Job Code,020411,"AsstDepDir Safety and Security",Y,Y,
InpCouChes,Job Code,020412,"ES II-Spcl Prjcts Coord",Y,Y,
InpCouChes,Job Code,020413,"Training & Exercise Coordinatr",Y,Y,
InpCouChes,Job Code,020416,"Project Manager I",Y,Y,
InpCouChes,Job Code,020417,"Construction Mgr",Y,Y,
InpCouChes,Job Code,020418,"Construction Project Manager I",Y,Y,
InpCouChes,Job Code,020420,"Environmental Hlth Supv",Y,Y,
InpCouChes,Job Code,020421,"Team Leader-Resource Conserv.",Y,Y,
InpCouChes,Job Code,020425,"Water Shed Coordinator",Y,Y,
InpCouChes,Job Code,020426,"Outreach Coordinator",Y,Y,
InpCouChes,Job Code,020430,"Administrative Offcr I",Y,Y,
InpCouChes,Job Code,020431,"Adminstrtve Officer II",Y,Y,
InpCouChes,Job Code,020432,"Administrative Officer I-HS",Y,Y,
InpCouChes,Job Code,020435,"Health Choice Coordinator-OMBH",Y,Y,
InpCouChes,Job Code,020438,"Application Development Coord",Y,Y,
InpCouChes,Job Code,020439,"Disease&Surveillance Invstgatr",Y,Y,
InpCouChes,Job Code,020440,"PH Nursing Supervisor ",Y,Y,
InpCouChes,Job Code,020441,"PH Emerg Preparedness Planner",Y,Y,
InpCouChes,Job Code,020442,"Personal Health Supervisor",Y,Y,
InpCouChes,Job Code,020443,"Population Health Supervisor",Y,Y,
InpCouChes,Job Code,020445,"Sr. Operation System Administ.",Y,Y,
InpCouChes,Job Code,020446,"Database Developer II",Y,Y,
InpCouChes,Job Code,020447,"GIS Tech Database Administratr",Y,Y,
InpCouChes,Job Code,020448,"GIS Technical Analyst",Y,Y,
InpCouChes,Job Code,020449,"Development Team Supervisor",Y,Y,
InpCouChes,Job Code,020450,"Dir Security Ops",Y,Y,
InpCouChes,Job Code,020451,"Operating Systems Administratr",Y,Y,
InpCouChes,Job Code,020452,"Application Developer",Y,Y,
InpCouChes,Job Code,020453,"Parks & Trails Manager",Y,Y,
InpCouChes,Job Code,020454,"Application Developer II",Y,Y,
InpCouChes,Job Code,020455,"Regional Prk Superintendent",Y,Y,
InpCouChes,Job Code,020456,"Actng Rgnl Prk Suprntnent ",Y,Y,
InpCouChes,Job Code,020457,"Dpty Director  Administration",Y,Y,
InpCouChes,Job Code,020458,"DptyDir Emergency Medical Svcs",Y,Y,
InpCouChes,Job Code,020459,"Dpty Dir for Emerg Management",Y,Y,
InpCouChes,Job Code,020460,"Program Coordinator",Y,Y,
InpCouChes,Job Code,020461,"Application Developer DBA II",Y,Y,
InpCouChes,Job Code,020462,"Assist Parks & Trails Manager",Y,Y,
InpCouChes,Job Code,020463,"Community Svc Construction Mgr",Y,Y,
InpCouChes,Job Code,020464,"GIS Application Developer II",Y,Y,
InpCouChes,Job Code,020465,"SAP Concur Program Coordinator",Y,Y,
InpCouChes,Job Code,020466,"Asst Dir External Liaison & PI",Y,Y,
InpCouChes,Job Code,020467,"Dpty Dir Special Projects",Y,Y,
InpCouChes,Job Code,020468,"Assistant Director for Quality",Y,Y,
InpCouChes,Job Code,020473,"Clerical Supervisor II",Y,Y,
InpCouChes,Job Code,020481,"Operations Coordinator",Y,Y,
InpCouChes,Job Code,020482,"Street Outreach Coordinator",Y,Y,
InpCouChes,Job Code,020489,"Construction Coordinator",Y,Y,
InpCouChes,Job Code,020490,"Dir Inmate Svcs",Y,Y,
InpCouChes,Job Code,020493,"Program Coordinator",Y,Y,
InpCouChes,Job Code,020495,"MH Supportive Housing Coordntr",Y,Y,
InpCouChes,Job Code,020496,"PH Systems Analyst II",Y,Y,
InpCouChes,Job Code,020497,"Workforce Coordinator",Y,Y,
InpCouChes,Job Code,020498,"PH Information Systems Coord",Y,Y,
InpCouChes,Job Code,020499,"Program Specialist - DUI Coord",Y,Y,
InpCouChes,Job Code,020518,"Court Unit Supervisor",Y,Y,
InpCouChes,Job Code,020519,"Intake Supervisor",Y,Y,
InpCouChes,Job Code,020520,"Bldg & Grounds Director",Y,Y,Other Service Worker
InpCouChes,Job Code,020524,"Redevelopment Coordinator ",Y,Y,
InpCouChes,Job Code,020525,"Programmer Analyst-Land Record",Y,Y,
InpCouChes,Job Code,020530,"Manager Correctional Ctr",Y,Y,
InpCouChes,Job Code,020531,"Cross Systems Coordinator",Y,Y,
InpCouChes,Job Code,020532,"Mental Health Manager",Y,Y,
InpCouChes,Job Code,020535,"PD Chief Investigator",Y,Y,
InpCouChes,Job Code,020540,"Food Service Director ",Y,Y,Other Service Worker
InpCouChes,Job Code,020543,"Housekeeping&Laundry Srvcs Dir",Y,Y,Housekeeping Service Worker
InpCouChes,Job Code,020545,"Director of Food and Nutrition",Y,Y,
InpCouChes,Job Code,020547,"Director of Support Services",Y,Y,
InpCouChes,Job Code,020550,"WIC Coordinator ",Y,Y,
InpCouChes,Job Code,020552,"Personal Health Coordinator",Y,Y,
InpCouChes,Job Code,020553,"Personal Hlth Prog Supervisor",Y,Y,
InpCouChes,Job Code,020560,"Civil Court Admnstrt",Y,Y,
InpCouChes,Job Code,020568,"EI Casework Supervisor",Y,Y,
InpCouChes,Job Code,020569,"ID Casework Supervisor",Y,Y,
InpCouChes,Job Code,020570,"Co Casework Supervisor",Y,Y,
InpCouChes,Job Code,020571,"Community Service Supervisor I",Y,Y,
InpCouChes,Job Code,020572,"D&A Case Mgmnt Spvr",Y,Y,
InpCouChes,Job Code,020573,"Quality Assurance Specialist",Y,Y,
InpCouChes,Job Code,020574,"Casework Supervisor (YC)",Y,Y,
InpCouChes,Job Code,020575,"Behavioral Health Coordinator",Y,Y,
InpCouChes,Job Code,020576,"Eligibility Supervisor",Y,Y,
InpCouChes,Job Code,020577,"D&A Program Specialist II",Y,Y,
InpCouChes,Job Code,020578,"Community Resources Coordinatr",Y,Y,
InpCouChes,Job Code,020579,"Orphans Crt Investigator",Y,Y,
InpCouChes,Job Code,020580,"Orphans Court Admnstrtr",Y,Y,
InpCouChes,Job Code,020582,"Child Abuse Investigation Supv",Y,Y,
InpCouChes,Job Code,020601,"Fleet Manager",Y,Y,
InpCouChes,Job Code,020602,"Drivers Training Supervisor",Y,Y,
InpCouChes,Job Code,020603,"Scheduling Dispatcher Supervsr",Y,Y,
InpCouChes,Job Code,020604,"Customer Service Supervisor",Y,Y,
InpCouChes,Job Code,020605,"Administrative Assistant",Y,Y,
InpCouChes,Job Code,020609,"Admin Support Servcs Coord I",Y,Y,
InpCouChes,Job Code,020610,"Administrative Assistant ",Y,Y,
InpCouChes,Job Code,020612,"Jury Coordinator",Y,Y,
InpCouChes,Job Code,020613,"Executive Assistant",Y,Y,
InpCouChes,Job Code,020614,"Administrative Assistant",Y,Y,
InpCouChes,Job Code,020615,"Admin Support Svc Coord",Y,Y,
InpCouChes,Job Code,020616,"Admin Office Supervisor",Y,Y,
InpCouChes,Job Code,020617,"Assistant Facilities Director",Y,Y,
InpCouChes,Job Code,020618,"First Deputy Coroner",Y,Y,
InpCouChes,Job Code,020619,"Deputy Director Voter Services",Y,Y,
InpCouChes,Job Code,020620,"Bureau Dir,Admn Spprt Svc ",Y,Y,
InpCouChes,Job Code,020622,"Cash Account Supervisor",Y,Y,
InpCouChes,Job Code,020624,"Dpty Chf Juv Prb Ofcr-Svcs",Y,Y,
InpCouChes,Job Code,020625,"Human Services Admin Deputy",Y,Y,
InpCouChes,Job Code,020630,"Youth Cntr Program Coordinator",Y,Y,
InpCouChes,Job Code,020634,"First Deputy",Y,Y,
InpCouChes,Job Code,020635,"Solicitor (Z) (Pro-Rata)",Y,Y,
InpCouChes,Job Code,020636,"Public Defender",Y,Y,
InpCouChes,Job Code,020637,"Planner II",Y,Y,
InpCouChes,Job Code,020639,"Coatesville Community Coord",Y,Y,
InpCouChes,Job Code,020641,"Employee Learning & Dev Mgr",Y,Y,
InpCouChes,Job Code,020642,"Coatesville Business Manager",Y,Y,
InpCouChes,Job Code,020643,"Street Outreach Lead Coord",Y,Y,
InpCouChes,Job Code,020645,"Facilities Supervisor ",Y,Y,
InpCouChes,Job Code,020646,"WC Facilities Superintendent",Y,Y,
InpCouChes,Job Code,020647,"Building Manager ",Y,Y,
InpCouChes,Job Code,020650,"Environmental Svcs Supv",Y,Y,
InpCouChes,Job Code,020670,"Deputy Director Dom Rel",Y,Y,
InpCouChes,Job Code,020680,"Asst Environmntl Hlth Spv",Y,Y,
InpCouChes,Job Code,020690,"Library Assistant VI",Y,Y,
InpCouChes,Job Code,020699,"Caseworker Supv I ",Y,Y,
InpCouChes,Job Code,020720,"Fiscal Coordinator",Y,Y,
InpCouChes,Job Code,020721,"Establishment Supervisor",Y,Y,
InpCouChes,Job Code,020723,"Fiscal Manager",Y,Y,
InpCouChes,Job Code,020724,"Fiscal Coordinator",Y,Y,
InpCouChes,Job Code,020725,"Fiscal Coordinator",Y,Y,
InpCouChes,Job Code,020729,"PST Campus Coordinator",Y,Y,
InpCouChes,Job Code,020730,"Telecommunications Mgr ",Y,Y,
InpCouChes,Job Code,020731,"General Services Manager",Y,Y,
InpCouChes,Job Code,020740,"Library Assistant V",Y,Y,
InpCouChes,Job Code,020750,"Activities Director ",Y,Y,Qualified Activities Professional
InpCouChes,Job Code,020775,"PACSES Administrator Enf. Sup.",Y,Y,
InpCouChes,Job Code,020780,"Enforcement Unit Supv",Y,Y,
InpCouChes,Job Code,020820,"SCA D&A Program Representative",Y,Y,
InpCouChes,Job Code,020821,"Digital Communica Specialist",Y,Y,
InpCouChes,Job Code,020822,"SCA D A Program Rep",Y,Y,
InpCouChes,Job Code,020823,"D&A Prog Rep Opiate Settl Crd",Y,Y,
InpCouChes,Job Code,020840,"Asst Mgr Correctional Ctr",Y,Y,
InpCouChes,Job Code,020850,"Payroll Manager",Y,Y,
InpCouChes,Job Code,020852,"Security Admnstrtr & Developer",Y,Y,
InpCouChes,Job Code,020860,"Clerical Supervisor I",Y,Y,
InpCouChes,Job Code,020861,"Clerical Supervisor I",Y,Y,
InpCouChes,Job Code,020869,"Customer Service Manager",Y,Y,
InpCouChes,Job Code,020870,"Clerical Supervisor II",Y,Y,
InpCouChes,Job Code,020872,"Clerical and Technology Sup",Y,Y,
InpCouChes,Job Code,020873,"Clerical Supervisor II",Y,Y,
InpCouChes,Job Code,020874,"Account Supervisor",Y,Y,
InpCouChes,Job Code,020875,"Clerical Supervisor II",Y,Y,
InpCouChes,Job Code,020880,"Clerical Supervisor  Hlth ",Y,Y,
InpCouChes,Job Code,020892,"EMS Training Coordinator",Y,Y,
InpCouChes,Job Code,020910,"Child Activities Dir ",Y,Y,
InpCouChes,Job Code,020930,"Bldg Superintendent",Y,Y,
InpCouChes,Job Code,020940,"Resource Conservationist I",Y,Y,
InpCouChes,Job Code,020941,"Resource Conservationist",Y,Y,
InpCouChes,Job Code,020943,"Resource Conservationist II",Y,Y,
InpCouChes,Job Code,020948,"Elections Technology Admin",Y,Y,
InpCouChes,Job Code,020949,"Voter Services Project Manager",Y,Y,
InpCouChes,Job Code,020950,"Parks Facility Manager",Y,Y,
InpCouChes,Job Code,020951,"Parks&PocopAssistSuperintndnt",Y,Y,
InpCouChes,Job Code,020952,"Parks Maintenance Manager",Y,Y,
InpCouChes,Job Code,020953,"Financial Coordinator",Y,Y,
InpCouChes,Job Code,020954,"Parks and Trails Facility Mgr",Y,Y,
InpCouChes,Job Code,020955,"Fiscal Coordinator",Y,Y,
InpCouChes,Job Code,020956,"Community Outreach Coordinator",Y,Y,
InpCouChes,Job Code,020957,"Fiscal Coordinator",Y,Y,
InpCouChes,Job Code,020958,"Fiscal Coordinator",Y,Y,
InpCouChes,Job Code,020959,"Health & Human Srvs Plng Crd",Y,Y,
InpCouChes,Job Code,020960,"Deputy Sheriff IV",Y,Y,
InpCouChes,Job Code,020961,"Deputy Sheriff V",Y,Y,
InpCouChes,Job Code,020962,"Financial Coordinator",Y,Y,
InpCouChes,Job Code,020975,"Warrant Enforcement Admin ",Y,Y,
InpCouChes,Job Code,020977,"Warrant CrimnlJustceNetwrkCord",Y,Y,
InpCouChes,Job Code,020978,"Diversionary Programs Investig",Y,Y,
InpCouChes,Job Code,020980,"ARD Investigator",Y,Y,
InpCouChes,Job Code,020990,"Housekeeping Director ",Y,Y,
InpCouChes,Job Code,021010,"Laundry Director  ",Y,Y,
InpCouChes,Job Code,021030,"Electronic Mntring Prgrm Spvr",Y,Y,
InpCouChes,Job Code,021032,"Electronic Monitoring Offcr",Y,Y,
InpCouChes,Job Code,021045,"Agricultural Programs Assist",Y,Y,
InpCouChes,Job Code,021047,"Land Preservation Coordinator",Y,Y,
InpCouChes,Job Code,021050,"Micrographics Supervisor",Y,Y,
InpCouChes,Job Code,021052,"Fiscal Technician Spvsr",Y,Y,
InpCouChes,Job Code,021053,"ES Trainer I",Y,Y,
InpCouChes,Job Code,021060,"GIS 911 Sr Research Analyst",Y,Y,
InpCouChes,Job Code,021065,"Law Enforcement Data Coord",Y,Y,
InpCouChes,Job Code,021070,"Records Services Manager",Y,Y,
InpCouChes,Job Code,021080,"P D Investigator II ",Y,Y,
InpCouChes,Job Code,021110,"Correctional Officer IV",Y,Y,
InpCouChes,Job Code,021112,"Contracts & Purch Coord",Y,Y,Other Service Worker
InpCouChes,Job Code,021150,"Asst Civil Crt Admin",Y,Y,
InpCouChes,Job Code,021151,"Asst Criminal Crt Admin",Y,Y,
InpCouChes,Job Code,021170,"Assist Director Nrsing",Y,Y,
InpCouChes,Job Code,021190,"Water Resources Specialist",Y,Y,
InpCouChes,Job Code,022200,"Prison Supervisor IV",Y,Y,
InpCouChes,Job Code,022557,"Security Officer - DCIS",Y,Y,
InpCouChes,Job Code,022558,"Security Analyst",Y,Y,
InpCouChes,Job Code,023330,"Correctional Officer V",Y,Y,
InpCouChes,Job Code,027750,"Prison Supervisor III",Y,Y,
InpCouChes,Job Code,027780,"Special Advisor to Prison Brd",Y,Y,
InpCouChes,Job Code,030003,"HS Prog Spec II Ch BH Clin Crd",Y,Y,
InpCouChes,Job Code,030004,"MHIDD Prgrm Spec II - Planner",Y,Y,
InpCouChes,Job Code,030005,"Deputy Director Facilities",Y,Y,
InpCouChes,Job Code,030006,"MH Diversion Specialist",Y,Y,
InpCouChes,Job Code,030007,"Program Specialist II   QA",Y,Y,
InpCouChes,Job Code,030008,"Family Intervention Specialist",Y,Y,
InpCouChes,Job Code,030009,"ProgramSpec II FamilyIntervntn",Y,Y,
InpCouChes,Job Code,030010,"IDD Program Specialist II",Y,Y,
InpCouChes,Job Code,030011,"CYF Program Specialist II",Y,Y,
InpCouChes,Job Code,030012,"CYF Prgrm Specialist I",Y,Y,
InpCouChes,Job Code,030013,"M H Prgrm Specialist II",Y,Y,
InpCouChes,Job Code,030014,"H S Program Specialist II",Y,Y,
InpCouChes,Job Code,030015,"Construction Engineer ",Y,Y,
InpCouChes,Job Code,030016,"Program Spec II Legal Liaison",Y,Y,
InpCouChes,Job Code,030017,"Accountant III",Y,Y,
InpCouChes,Job Code,030018,"Accountant III",Y,Y,
InpCouChes,Job Code,030019,"D&A Program Specialist I",Y,Y,
InpCouChes,Job Code,030020,"H.S. Program Specialist I",Y,Y,
InpCouChes,Job Code,030021,"Professional Engineer",Y,Y,
InpCouChes,Job Code,030022,"Conservation Engineer",Y,Y,
InpCouChes,Job Code,030023,"Stormwater Engineer",Y,Y,
InpCouChes,Job Code,030024,"D&A Program Spec I (Sp Proj)",Y,Y,
InpCouChes,Job Code,030025,"Fiscal Analyst",Y,Y,
InpCouChes,Job Code,030026,"FT Court Services Program Spec",Y,Y,
InpCouChes,Job Code,030030,"ChronicDisease&InjuryPrevCoord",Y,Y,
InpCouChes,Job Code,030040,"Probation Supervisor I",Y,Y,
InpCouChes,Job Code,030041,"Probation Supervisor I",Y,Y,
InpCouChes,Job Code,030042,"QA Program Specialist",Y,Y,
InpCouChes,Job Code,030043,"AP Supervisor DUI Instructor",Y,Y,
InpCouChes,Job Code,030044,"Diversion Project Coordinator",Y,Y,
InpCouChes,Job Code,030045,"Sr Network Engineer-DCIS",Y,Y,
InpCouChes,Job Code,030050,"Co Brdg Eng  Liquid Fuel ",Y,Y,
InpCouChes,Job Code,030055,"Ast Dir of Facilities for Sec",Y,Y,
InpCouChes,Job Code,030060,"Social Service Dirctr",Y,Y,Qualified Social Worker
InpCouChes,Job Code,030061,"Shift Supervising Nrse",Y,Y,Registered Nurse
InpCouChes,Job Code,030062,"Nursing Supervisor",Y,Y,
InpCouChes,Job Code,030063,"Unit Manager (Pocopson)",Y,Y,Registered Nurse with Administrative Duties
InpCouChes,Job Code,030064,"Assist Director Nrsing",Y,Y,Registered Nurse with Administrative Duties
InpCouChes,Job Code,030065,"Quality Assurance Coord",Y,Y,Registered Nurse with Administrative Duties
InpCouChes,Job Code,030070,"Compensation Mgr",Y,Y,
InpCouChes,Job Code,030071,"Physical Therapist",Y,Y,
InpCouChes,Job Code,030072,"Chief of Litigation",Y,Y,
InpCouChes,Job Code,030073,"Occupational Therapist",Y,Y,
InpCouChes,Job Code,030075,"Speech Therapist",Y,Y,
InpCouChes,Job Code,030079,"Designer   Developer",Y,Y,
InpCouChes,Job Code,030080,"Attorney II ",Y,Y,
InpCouChes,Job Code,030081,"Attorney II",Y,Y,
InpCouChes,Job Code,030082,"Attorney II",Y,Y,
InpCouChes,Job Code,030083,"Business Unit Analyst",Y,Y,
InpCouChes,Job Code,030084,"Production Support Analyst I",Y,Y,
InpCouChes,Job Code,030085,"Technical System Specialist",Y,Y,
InpCouChes,Job Code,030086,"Production Support Analyst I",Y,Y,
InpCouChes,Job Code,030088,"Systems Analyst I",Y,Y,
InpCouChes,Job Code,030089,"Administrative Systems Coord",Y,Y,
InpCouChes,Job Code,030090,"Area Manager",Y,Y,
InpCouChes,Job Code,030091,"Geogrphc Info Sys Data Mgr ",Y,Y,
InpCouChes,Job Code,030092,"Network Services Supervisor",Y,Y,
InpCouChes,Job Code,030093,"GIS Software Manager",Y,Y,
InpCouChes,Job Code,030094,"Network Engineer",Y,Y,
InpCouChes,Job Code,030095,"Planner III",Y,Y,
InpCouChes,Job Code,030096,"Sr Network Administrtr-Library",Y,Y,
InpCouChes,Job Code,030097,"Sr. Client Technolgs Tech-Libr",Y,Y,
InpCouChes,Job Code,030098,"Facilities Liaison",Y,Y,
InpCouChes,Job Code,030099,"GIS Technical Services Manager",Y,Y,
InpCouChes,Job Code,030100,"Water Resources Planner",Y,Y,
InpCouChes,Job Code,030101,"Area Manager",Y,Y,
InpCouChes,Job Code,030102,"Engineering & Operations Mgr",Y,Y,
InpCouChes,Job Code,030103,"Judicial Systems Liaison Mgr",Y,Y,
InpCouChes,Job Code,030110,"Crime Analyst ",Y,Y,
InpCouChes,Job Code,030115,"Security Analyst",Y,Y,
InpCouChes,Job Code,030116,"Help Desk & Asset Mgmt Admnstr",Y,Y,
InpCouChes,Job Code,030119,"Waste Mgmnt Educ Coord ",Y,Y,
InpCouChes,Job Code,030120,"Solid Waste Coordinator ",Y,Y,
InpCouChes,Job Code,030121,"Financial Analyst",Y,Y,
InpCouChes,Job Code,030122,"Descriptive Statistician ",Y,Y,
InpCouChes,Job Code,030123,"Dscrptve Statistician Spvr ",Y,Y,
InpCouChes,Job Code,030124,"PH Systems Analyst I ",Y,Y,
InpCouChes,Job Code,030125,"Planner II",Y,Y,
InpCouChes,Job Code,030126,"Accountant III",Y,Y,
InpCouChes,Job Code,030127,"Mngmnt Info Sys Analyst",Y,Y,
InpCouChes,Job Code,030128,"Auditor III ",Y,Y,
InpCouChes,Job Code,030129,"Operations Coordinator",Y,Y,
InpCouChes,Job Code,030130,"M H Program Specialist I",Y,Y,
InpCouChes,Job Code,030131,"GIS System Implementation Mgr.",Y,Y,
InpCouChes,Job Code,030132,"Collections Specialist ",Y,Y,
InpCouChes,Job Code,030133,"Collection Unit Supervisor ",Y,Y,
InpCouChes,Job Code,030134,"Collection Unit Supervisor",Y,Y,
InpCouChes,Job Code,030135,"Address Geographic Ref. Mgr",Y,Y,
InpCouChes,Job Code,030136,"Collections Unit Supervisor II",Y,Y,
InpCouChes,Job Code,030137,"Quality Improvement Specialist",Y,Y,
InpCouChes,Job Code,030138,"Youth Center Supervisor II",Y,Y,
InpCouChes,Job Code,030139,"Senior Government Accountant",Y,Y,
InpCouChes,Job Code,030140,"Env Health Engineer II ",Y,Y,
InpCouChes,Job Code,030141,"Auditor III",Y,Y,
InpCouChes,Job Code,030142,"FMLA Leave Administrator",Y,Y,
InpCouChes,Job Code,030143,"Compensation Analyst",Y,Y,
InpCouChes,Job Code,030144,"Fiscal & Office Coord",Y,Y,
InpCouChes,Job Code,030145,"Systems Engineer",Y,Y,
InpCouChes,Job Code,030146,"ProgMgr Homeland SecurityGrant",Y,Y,
InpCouChes,Job Code,030150,"Librarian III",Y,Y,
InpCouChes,Job Code,030155,"Accounts and Communication Crd",Y,Y,
InpCouChes,Job Code,030165,"Web Developer",Y,Y,
InpCouChes,Job Code,030166,"Systems Administrator - DCIS",Y,Y,
InpCouChes,Job Code,030167,"Web Developer - Library",Y,Y,
InpCouChes,Job Code,030168,"Systems Administrator - Libry",Y,Y,
InpCouChes,Job Code,030172,"Sr Wastewater Trtmnt Plnt Oprt",Y,Y,
InpCouChes,Job Code,030180,"Capital Prjct Coord  Prks",Y,Y,
InpCouChes,Job Code,030189,"Gen Svcs Assist Supvr ",Y,Y,
InpCouChes,Job Code,030194,"Facilities Coordinator  Es",Y,Y,
InpCouChes,Job Code,030196,"Graphic Arts Supervisor",Y,Y,
InpCouChes,Job Code,030198,"Director of Quality Management",Y,Y,
InpCouChes,Job Code,030199,"Consumer Svcs Specialist ",Y,Y,
InpCouChes,Job Code,030212,"Bridges Program Manager",Y,Y,
InpCouChes,Job Code,030214,"Mail Ballots Central Scan Sup",Y,Y,
InpCouChes,Job Code,030215,"Project Manager II",Y,Y,
InpCouChes,Job Code,030217,"Bridge Technician ",Y,Y,
InpCouChes,Job Code,030218,"Project Manager III",Y,Y,
InpCouChes,Job Code,030219,"Maintenance Planner II",Y,Y,
InpCouChes,Job Code,030220,"Financial Analyst",Y,Y,
InpCouChes,Job Code,030221,"Assistant Finance Manager",Y,Y,
InpCouChes,Job Code,030222,"Financial Analyst - Hotel Tax",Y,Y,
InpCouChes,Job Code,030228,"Web Application Developer Admn",Y,Y,
InpCouChes,Job Code,030240,"Attorney I ",Y,Y,
InpCouChes,Job Code,030245,"Radiological Response Coord",Y,Y,
InpCouChes,Job Code,030260,"RN Assessment Coord",Y,Y,Registered Nurse with Administrative Duties
InpCouChes,Job Code,030261,"Assist Rn Assssmnt Coord ",Y,Y,
InpCouChes,Job Code,030264,"Contact Tracing Coordinator",Y,Y,
InpCouChes,Job Code,030265,"Beautician",Y,Y,Other Service Worker
InpCouChes,Job Code,030266,"Communications Coordinator",Y,Y,
InpCouChes,Job Code,030267,"Project Coordinator - EMS",Y,Y,
InpCouChes,Job Code,030268,"Communications Coordinator",Y,Y,
InpCouChes,Job Code,030269,"Communications Coordinator",Y,Y,
InpCouChes,Job Code,030270,"Public Relations Graphics Spec",Y,Y,
InpCouChes,Job Code,030271,"Program Coord-Spec",Y,Y,
InpCouChes,Job Code,030273,"Workforce Development Manager",Y,Y,
InpCouChes,Job Code,030274,"Graphics Specialist (PT)",Y,Y,
InpCouChes,Job Code,030275,"Videographer",Y,Y,
InpCouChes,Job Code,030290,"Law Clerk ",Y,Y,
InpCouChes,Job Code,030300,"JPO Court Coordinator",Y,Y,
InpCouChes,Job Code,030301,"AP Review Coordinator",Y,Y,
InpCouChes,Job Code,030302,"Office Administrator",Y,Y,
InpCouChes,Job Code,030305,"Assistant Administrator I",Y,Y,
InpCouChes,Job Code,030306,"Assistant Administrator I",Y,Y,
InpCouChes,Job Code,030307,"Assistant Administrator I",Y,Y,
InpCouChes,Job Code,030310,"Senior Analyst Programmer",Y,Y,
InpCouChes,Job Code,030313,"Sara Coordinator  ",Y,Y,
InpCouChes,Job Code,030314,"Real Estate Analyst ",Y,Y,
InpCouChes,Job Code,030323,"PH Nurse Hiv Coordinator ",Y,Y,
InpCouChes,Job Code,030325,"Sr Analyst Programmer",Y,Y,
InpCouChes,Job Code,030342,"Development Coordinator",Y,Y,
InpCouChes,Job Code,030343,"PeopleSoft Designer Developer",Y,Y,
InpCouChes,Job Code,030344,"Sr. Analyst   Programmer I",Y,Y,
InpCouChes,Job Code,030345,"Support Analyst I",Y,Y,
InpCouChes,Job Code,030346,"Senior PeopleSoft Desgnr Dvlpr",Y,Y,
InpCouChes,Job Code,030347,"Management Data ProjectManager",Y,Y,
InpCouChes,Job Code,030348,"Senior Analyst   Programmer II",Y,Y,
InpCouChes,Job Code,030349,"Designer Developer Lead",Y,Y,
InpCouChes,Job Code,030350,"Librarian II",Y,Y,
InpCouChes,Job Code,030359,"Outreach Worker",Y,Y,
InpCouChes,Job Code,030360,"Librarian II ",Y,Y,
InpCouChes,Job Code,030370,"Stff Dvlpmnt Coord",Y,Y,Registered Nurse with Administrative Duties
InpCouChes,Job Code,030375,"Physical Therapist ",Y,Y,
InpCouChes,Job Code,030380,"Chief Fire Marshal",Y,Y,
InpCouChes,Job Code,030382,"Deputy Director for Fire Svcs",Y,Y,
InpCouChes,Job Code,030385,"Staff Dvlpmnt Instrctr",Y,Y,Licensed Practical/Vocational Nurse with Administrative Duties
InpCouChes,Job Code,030390,"IDD Program Specialist I",Y,Y,
InpCouChes,Job Code,030391,"Early Intervntion Prog Speclst",Y,Y,
InpCouChes,Job Code,030400,"Fiscal Coordinator",Y,Y,
InpCouChes,Job Code,030401,"Fiscal and Office Coordinator",Y,Y,
InpCouChes,Job Code,030402,"Fiscal Supervisor",Y,Y,
InpCouChes,Job Code,030403,"Fiscal Specialist",Y,Y,
InpCouChes,Job Code,030420,"Accountant II",Y,Y,
InpCouChes,Job Code,030421,"Auditor II ",Y,Y,
InpCouChes,Job Code,030423,"Attorney I",Y,Y,
InpCouChes,Job Code,030424,"Deputy Dir  Law Enforcmnt Svcs",Y,Y,
InpCouChes,Job Code,030425,"Hazardous Matrl Coord Chief",Y,Y,
InpCouChes,Job Code,030426,"Municipal Grants Coordinator",Y,Y,
InpCouChes,Job Code,030427,"Compensation Manager",Y,Y,
InpCouChes,Job Code,030428,"Veterans' Service Officer",Y,Y,
InpCouChes,Job Code,030430,"Public Health Lab Chief ",Y,Y,
InpCouChes,Job Code,030432,"Lab & Environ Monitor Supvr",Y,Y,
InpCouChes,Job Code,030435,"Emergency Planning Coordinator",Y,Y,
InpCouChes,Job Code,030436,"Data Analyst Surveillance Coor",Y,Y,
InpCouChes,Job Code,030437,"Emergency Mgt Info Coordinator",Y,Y,
InpCouChes,Job Code,030445,"Open Space Fclts Cntrct Crd",Y,Y,
InpCouChes,Job Code,030447,"Grant Coordinator",Y,Y,
InpCouChes,Job Code,030450,"Family Intervention Therapist",Y,Y,
InpCouChes,Job Code,030462,"Lead Park Ranger",Y,Y,
InpCouChes,Job Code,030475,"Communications Support Speclst",Y,Y,
InpCouChes,Job Code,030477,"Technical Communications Coord",Y,Y,
InpCouChes,Job Code,030480,"Planner II",Y,Y,
InpCouChes,Job Code,030482,"GIS Analyst II",Y,Y,
InpCouChes,Job Code,030483,"Budget Analyst II - Finance",Y,Y,
InpCouChes,Job Code,030484,"GIS Analyst II",Y,Y,
InpCouChes,Job Code,030486,"Training Coordinator - ES",Y,Y,
InpCouChes,Job Code,030488,"Fiscal Officer II - CYF",Y,Y,
InpCouChes,Job Code,030489,"Fiscal Oprtns Offcr I ",Y,Y,
InpCouChes,Job Code,030490,"Fiscal Officer II",Y,Y,
InpCouChes,Job Code,030491,"Fiscal Officer III",Y,Y,
InpCouChes,Job Code,030492,"Collection Officer ",Y,Y,
InpCouChes,Job Code,030493,"Collection Officer",Y,Y,
InpCouChes,Job Code,030494,"Homeless Coordinator",Y,Y,
InpCouChes,Job Code,030496,"PH Data Technology Analyst",Y,Y,
InpCouChes,Job Code,030499,"Program Resources Navigator",Y,Y,
InpCouChes,Job Code,030510,"Accountant II",Y,Y,
InpCouChes,Job Code,030513,"Accountant II",Y,Y,
InpCouChes,Job Code,030515,"Balanced Rstrtve Justice Coord",Y,Y,
InpCouChes,Job Code,030520,"Dietetic Service Supervisor",Y,Y,
InpCouChes,Job Code,030530,"Pretrial Services Re-entry Sup",Y,Y,
InpCouChes,Job Code,030531,"Physical Therapist Assistant",Y,Y,
InpCouChes,Job Code,030533,"Adv Life Support Coord",Y,Y,
InpCouChes,Job Code,030543,"Administrative Analyst",Y,Y,
InpCouChes,Job Code,030550,"Admin Secretary ",Y,Y,
InpCouChes,Job Code,030561,"Caseworker Z Pro-Rata",Y,Y,
InpCouChes,Job Code,030563,"Caseworker III",Y,Y,
InpCouChes,Job Code,030564,"After-Hrs Cswrkr I",Y,Y,
InpCouChes,Job Code,030566,"After-Hrs Cswrkr II",Y,Y,
InpCouChes,Job Code,030567,"General Svcs Supvr ",Y,Y,
InpCouChes,Job Code,030570,"Accountant II ",Y,Y,
InpCouChes,Job Code,030571,"Project Manager - DCIS",Y,Y,
InpCouChes,Job Code,030572,"Prks & Trails Main Sup - S Reg",Y,Y,
InpCouChes,Job Code,030573,"Prks & Trails Main Sup - N Reg",Y,Y,
InpCouChes,Job Code,030578,"Telecomm Operations Mgr ",Y,Y,
InpCouChes,Job Code,030580,"Public Health Nurse",Y,Y,
InpCouChes,Job Code,030581,"Communicable Disease Coord",Y,Y,
InpCouChes,Job Code,030582,"Communicable Disease Specialst",Y,Y,
InpCouChes,Job Code,030583,"Population Health Coordinator",Y,Y,
InpCouChes,Job Code,030584,"Nutrition Education Coord",Y,Y,
InpCouChes,Job Code,030595,"D&A Prevention Prgm Specialist",Y,Y,
InpCouChes,Job Code,030596,"D&A Prevention Program Manager",Y,Y,
InpCouChes,Job Code,030597,"D&A Prog Spec I (Treatment Ct)",Y,Y,
InpCouChes,Job Code,030600,"D&A Prevention Specialist",Y,Y,
InpCouChes,Job Code,030610,"Librarian I ",Y,Y,
InpCouChes,Job Code,030623,"Technical Specialist I",Y,Y,
InpCouChes,Job Code,030625,"Buyer ",Y,Y,
InpCouChes,Job Code,030626,"Buyer I",Y,Y,
InpCouChes,Job Code,030627,"Buyer II",Y,Y,
InpCouChes,Job Code,030628,"Employment Coordinator HR Dept",Y,Y,
InpCouChes,Job Code,030629,"Employment Coordinator",Y,Y,
InpCouChes,Job Code,030630,"Employment Coord  ",Y,Y,
InpCouChes,Job Code,030631,"Employment Coord ",Y,Y,
InpCouChes,Job Code,030633,"Quality Analyst",Y,Y,
InpCouChes,Job Code,030634,"Employment Coordinator",Y,Y,
InpCouChes,Job Code,030635,"Continuing Educ Coord  ",Y,Y,
InpCouChes,Job Code,030643,"Enforcement Specialist",Y,Y,
InpCouChes,Job Code,030645,"User Liaison",Y,Y,
InpCouChes,Job Code,030646,"VDI Support Technician",Y,Y,
InpCouChes,Job Code,030648,"Desktop Support Technician",Y,Y,
InpCouChes,Job Code,030649,"Audio Visual Technician",Y,Y,
InpCouChes,Job Code,030650,"Nutritionist II  ",Y,Y,
InpCouChes,Job Code,030651,"Nutritionist",Y,Y,
InpCouChes,Job Code,030653,"Nutrition Education Coord",Y,Y,
InpCouChes,Job Code,030660,"Geriatric Social Worker",Y,Y,Qualified Social Worker
InpCouChes,Job Code,030664,"GIS Specialist II",Y,Y,
InpCouChes,Job Code,030665,"Computer Cartographer II",Y,Y,
InpCouChes,Job Code,030666,"GIS Spclst II-Addrss Sys",Y,Y,
InpCouChes,Job Code,030667,"Technical Coordinator - EMS",Y,Y,
InpCouChes,Job Code,030668,"Communications Tech",Y,Y,
InpCouChes,Job Code,030670,"Program Analyst I",Y,Y,
InpCouChes,Job Code,030671,"Registered Nurse",Y,Y,Registered Nurse
InpCouChes,Job Code,030672,"Technical Support Supervisor",Y,Y,
InpCouChes,Job Code,030673,"GIS Supervisor",Y,Y,
InpCouChes,Job Code,030674,"Communications Supervisor",Y,Y,
InpCouChes,Job Code,030675,"Registered Nurse- Aging",Y,Y,
InpCouChes,Job Code,030676,"RN Instructor",Y,Y,
InpCouChes,Job Code,030677,"QA & Perf Improv Coord",Y,Y,Registered Nurse
InpCouChes,Job Code,030678,"Charge Nurse",Y,Y,Registered Nurse
InpCouChes,Job Code,030680,"Liaison Analyst  ",Y,Y,
InpCouChes,Job Code,030685,"Sr. Network Administrator",Y,Y,
InpCouChes,Job Code,030686,"Network Administrator",Y,Y,
InpCouChes,Job Code,030687,"LAN Administrator - Library",Y,Y,
InpCouChes,Job Code,030690,"PC Technician II",Y,Y,
InpCouChes,Job Code,030714,"Homestead Coordinator",Y,Y,
InpCouChes,Job Code,030717,"Systems Technician",Y,Y,
InpCouChes,Job Code,030719,"GIS Database Administrator",Y,Y,
InpCouChes,Job Code,030720,"User Liaison I",Y,Y,
InpCouChes,Job Code,030722,"Desktop System Specialist",Y,Y,
InpCouChes,Job Code,030723,"Judicial Info User Liaison ",Y,Y,
InpCouChes,Job Code,030725,"CAD Systems Specialist",Y,Y,
InpCouChes,Job Code,030728,"Administrative Ast II",Y,Y,
InpCouChes,Job Code,030729,"Techncl Communications Speclst",Y,Y,
InpCouChes,Job Code,030731,"Technical Services Specialist",Y,Y,
InpCouChes,Job Code,030732,"Education Coordinator ",Y,Y,
InpCouChes,Job Code,030755,"Real Estate Appraiser IV",Y,Y,
InpCouChes,Job Code,030776,"GIS Cadstrl Mapng DataSvcSupv",Y,Y,
InpCouChes,Job Code,030781,"Asst Family Crt Administrator",Y,Y,
InpCouChes,Job Code,030790,"Planner I",Y,Y,
InpCouChes,Job Code,030791,"Transit Data Specialist",Y,Y,
InpCouChes,Job Code,030792,"Planner I (DCD)",Y,Y,
InpCouChes,Job Code,030810,"Recycling Coordinator ",Y,Y,
InpCouChes,Job Code,030811,"RN Clinic Nrs - PH Dept",Y,Y,
InpCouChes,Job Code,030812,"Public Health Nurse I ",Y,Y,
InpCouChes,Job Code,030823,"RN, Clinic  ",Y,Y,
InpCouChes,Job Code,030827,"Assist Fire Marshal",Y,Y,
InpCouChes,Job Code,030830,"Recreation Therapist",Y,Y,Other Activities Staff
InpCouChes,Job Code,030832,"Resident Recreation Staff",Y,Y,Other Activities Staff
InpCouChes,Job Code,030835,"Personnel Recruiter ",Y,Y,
InpCouChes,Job Code,030845,"Network Analyst",Y,Y,
InpCouChes,Job Code,030848,"Senior Network Analyst",Y,Y,
InpCouChes,Job Code,030850,"Accountant I  ",Y,Y,
InpCouChes,Job Code,030851,"Accountant I",Y,Y,
InpCouChes,Job Code,030852,"Auditor I",Y,Y,
InpCouChes,Job Code,030859,"D&A Trtmnt Spclst Trnee ",Y,Y,
InpCouChes,Job Code,030860,"Accountant I",Y,Y,
InpCouChes,Job Code,030864,"Accountant I",Y,Y,
InpCouChes,Job Code,030865,"Technical Writer-DCIS",Y,Y,
InpCouChes,Job Code,030867,"Accountant I",Y,Y,
InpCouChes,Job Code,030868,"Juvenile Court Paralegal",Y,Y,
InpCouChes,Job Code,030869,"Juvenile Court Paralegal",Y,Y,
InpCouChes,Job Code,030870,"Database Developer I",Y,Y,
InpCouChes,Job Code,030871,"Paralegal",Y,Y,
InpCouChes,Job Code,030890,"Dom Rel Hearing Officer",Y,Y,
InpCouChes,Job Code,030892,"Conference Specialist",Y,Y,
InpCouChes,Job Code,030910,"Public Health Educator",Y,Y,
InpCouChes,Job Code,030914,"Community Service Assessor-RN",Y,Y,
InpCouChes,Job Code,030915,"Nutritionist I  ",Y,Y,
InpCouChes,Job Code,030916,"Aging Community Service Coord",Y,Y,
InpCouChes,Job Code,030918,"Aging Program Assessor",Y,Y,
InpCouChes,Job Code,030919,"Admissions Intake Coordinator",Y,Y,
InpCouChes,Job Code,030920,"Admissions Director",Y,Y,Other Service Worker
InpCouChes,Job Code,030923,"Admissions Liaison",Y,Y,Other Service Worker
InpCouChes,Job Code,030940,"Dom Rel Investigator",Y,Y,
InpCouChes,Job Code,030941,"Lead Dom Rel Investigator",Y,Y,
InpCouChes,Job Code,030960,"Chemist I",Y,Y,
InpCouChes,Job Code,030963,"SSS IV",Y,Y,
InpCouChes,Job Code,030964,"Scheduler",Y,Y,
InpCouChes,Job Code,030965,"Administrative Assistant",Y,Y,Other Service Worker
InpCouChes,Job Code,030970,"Quality Assurance Specialist",Y,Y,
InpCouChes,Job Code,030980,"Court Reporter I",Y,Y,
InpCouChes,Job Code,031360,"Senior Financial Analyst",Y,Y,
InpCouChes,Job Code,031361,"COVID-19 Recovery Program Mgr",Y,Y,
InpCouChes,Job Code,031362,"Sr Financial Analyst Assistant",Y,Y,
InpCouChes,Job Code,040025,"GIS Specialist III",Y,Y,
InpCouChes,Job Code,040030,"Correctional Officer V",Y,Y,
InpCouChes,Job Code,040035,"Watch Officer",Y,Y,
InpCouChes,Job Code,040036,"Operations Comm Supervisor",Y,Y,
InpCouChes,Job Code,040040,"Detective II",Y,Y,
InpCouChes,Job Code,040050,"SSS VIII",Y,Y,
InpCouChes,Job Code,040052,"Digital Court Recorder",Y,Y,
InpCouChes,Job Code,040053,"Judicial Secretary",Y,Y,
InpCouChes,Job Code,040054,"Floating Sec'y - Judicial Ofc",Y,Y,
InpCouChes,Job Code,040055,"Account Clerk IV",Y,Y,
InpCouChes,Job Code,040056,"Account Clerk IV",Y,Y,
InpCouChes,Job Code,040057,"Recording Specialist",Y,Y,
InpCouChes,Job Code,040058,"Account Clerk IV",Y,Y,
InpCouChes,Job Code,040059,"Grant Account Specialist",Y,Y,
InpCouChes,Job Code,040060,"Env Health Specialist",Y,Y,
InpCouChes,Job Code,040061,"Env Health Specialist",Y,Y,
InpCouChes,Job Code,040062,"Account Clerk IV",Y,Y,
InpCouChes,Job Code,040063,"Prison Payroll Administrator",Y,Y,
InpCouChes,Job Code,040070,"Detective I ",Y,Y,
InpCouChes,Job Code,040075,"Prison Supervisor III",Y,Y,
InpCouChes,Job Code,040080,"Maint Const Foreman",Y,Y,
InpCouChes,Job Code,040081,"Supervisor, Document Mgt",Y,Y,
InpCouChes,Job Code,040083,"Supv, Imaging&Transfer Appeals",Y,Y,
InpCouChes,Job Code,040090,"Maint Const Tech V",Y,Y,
InpCouChes,Job Code,040091,"GSC Building Foreman",Y,Y,
InpCouChes,Job Code,040092,"Assistant WC Superintendent",Y,Y,
InpCouChes,Job Code,040094,"Pocopson Campus Foreman",Y,Y,Housekeeping Service Worker
InpCouChes,Job Code,040095,"Election Supervisor",Y,Y,
InpCouChes,Job Code,040097,"Clerical Supervisor I",Y,Y,
InpCouChes,Job Code,040099,"Clerical Supv I",Y,Y,
InpCouChes,Job Code,040100,"Administrative Spec Supervisor",Y,Y,
InpCouChes,Job Code,040102,"Staff Assistant",Y,Y,
InpCouChes,Job Code,040110,"Correctional Officer IV",Y,Y,
InpCouChes,Job Code,040119,"Fiscal Admin Lead",Y,Y,
InpCouChes,Job Code,040120,"Maint Working Supv",Y,Y,
InpCouChes,Job Code,040121,"Working Maint Spvr Trnee ",Y,Y,
InpCouChes,Job Code,040122,"Maint Working Supvr ",Y,Y,
InpCouChes,Job Code,040123,"IT Business Coordinator",Y,Y,
InpCouChes,Job Code,040124,"Infrastructure Team Lead",Y,Y,
InpCouChes,Job Code,040125,"Lead Maintenance Worker",Y,Y,
InpCouChes,Job Code,040126,"Business Analyst Lead",Y,Y,
InpCouChes,Job Code,040127,"Service Team Lead",Y,Y,
InpCouChes,Job Code,040128,"Enterprise Data Integrtn Archt",Y,Y,
InpCouChes,Job Code,040129,"Business Relationship Analyst",Y,Y,
InpCouChes,Job Code,040134,"Court Clerk Supervisor",Y,Y,
InpCouChes,Job Code,040135,"Court Clerk",Y,Y,
InpCouChes,Job Code,040136,"Court Clerk II",Y,Y,
InpCouChes,Job Code,040140,"Benefits Administrator I",Y,Y,
InpCouChes,Job Code,040141,"Benefits Administrator II",Y,Y,
InpCouChes,Job Code,040142,"Human Resources Tech II",Y,Y,
InpCouChes,Job Code,040143,"Senior Data Coordinator Supprt",Y,Y,
InpCouChes,Job Code,040144,"Assist Employee Dvlpmnt Coord",Y,Y,
InpCouChes,Job Code,040145,"Contracts & Purchsng Tech II",Y,Y,
InpCouChes,Job Code,040146,"Document Recording Tech I",Y,Y,
InpCouChes,Job Code,040147,"Document Recording Tech II",Y,Y,
InpCouChes,Job Code,040148,"Document Recording Tech III",Y,Y,
InpCouChes,Job Code,040149,"Document Recording Specialist",Y,Y,
InpCouChes,Job Code,040150,"Regional Park Ranger",Y,Y,
InpCouChes,Job Code,040151,"Special Projects Coordinator",Y,Y,
InpCouChes,Job Code,040152,"Voter Services Information Crd",Y,Y,
InpCouChes,Job Code,040157,"Graphic Arts Spclst II",Y,Y,
InpCouChes,Job Code,040160,"SSS VII (Commissioners)",Y,Y,
InpCouChes,Job Code,040161,"Admin Assistant Strategic Plng",Y,Y,
InpCouChes,Job Code,040163,"Web Systems Developer",Y,Y,
InpCouChes,Job Code,040164,"Service Desk Analyst III",Y,Y,
InpCouChes,Job Code,040165,"Service Desk Analyst II",Y,Y,
InpCouChes,Job Code,040166,"Service Desk Analyst I",Y,Y,
InpCouChes,Job Code,040167,"Digital Communications Speclst",Y,Y,
InpCouChes,Job Code,040170,"Maint Const Worker III",Y,Y,
InpCouChes,Job Code,040171,"Wastewater Trtmnt Plant Oprtr",Y,Y,
InpCouChes,Job Code,040174,"Fiscal & Office Coord",Y,Y,
InpCouChes,Job Code,040175,"Fiscal & Personnel Liaison I",Y,Y,
InpCouChes,Job Code,040177,"Fiscal & Personnel Liaison II",Y,Y,
InpCouChes,Job Code,040180,"Maint Const Tech IV",Y,Y,
InpCouChes,Job Code,040182,"Inventory Coordinator",Y,Y,Other Service Worker
InpCouChes,Job Code,040185,"Production Support Analyst",Y,Y,
InpCouChes,Job Code,040189,"Desktop Publisher",Y,Y,
InpCouChes,Job Code,040190,"Platoon Leader",Y,Y,
InpCouChes,Job Code,040191,"Shift Supervisor",Y,Y,
InpCouChes,Job Code,040192,"Asst Platoon Leader",Y,Y,
InpCouChes,Job Code,040200,"Telecommunicator III",Y,Y,
InpCouChes,Job Code,040201,"Telecommunicator III",Y,Y,
InpCouChes,Job Code,040202,"Telecommunicator IV",Y,Y,
InpCouChes,Job Code,040205,"Head Cook",Y,Y,Other Service Worker
InpCouChes,Job Code,040208,"Env Health Technician",Y,Y,
InpCouChes,Job Code,040210,"Env Health Apprentice",Y,Y,
InpCouChes,Job Code,040212,"Environmental Hlth Apprentice",Y,Y,
InpCouChes,Job Code,040215,"Wghts&Meas 1st Dpty Sealer ",Y,Y,
InpCouChes,Job Code,040220,"Dietician Technician",Y,Y,Other Service Worker
InpCouChes,Job Code,040221,"Food Service Training Coord",Y,Y,
InpCouChes,Job Code,040223,"Clinical CDM",Y,Y,Other Service Worker
InpCouChes,Job Code,040229,"Assistant Food Service Manager",Y,Y,
InpCouChes,Job Code,040235,"Accounts&Special Project Coord",Y,Y,
InpCouChes,Job Code,040236,"HS Account Clerk III",Y,Y,
InpCouChes,Job Code,040237,"Billing & Assessment Specialst",Y,Y,
InpCouChes,Job Code,040240,"Correctional Officer III",Y,Y,
InpCouChes,Job Code,040251,"Infec Prev & Control Coord",Y,Y,Licensed Practical/Vocational Nurse with Administrative Duties
InpCouChes,Job Code,040259,"LPN  Infection Prev & Control",Y,Y,Licensed Practical/Vocational Nurse with Administrative Duties
InpCouChes,Job Code,040260,"LPN",Y,Y,Licensed Practical/Vocational Nurse with Administrative Duties
InpCouChes,Job Code,040262,"LPN",Y,Y,Licensed Practical/Vocational Nurse
InpCouChes,Job Code,040263,"Licensed Nurse Assessmt Coordr",Y,Y,Licensed Practical/Vocational Nurse with Administrative Duties
InpCouChes,Job Code,040264,"Licensed Practical Nurse(YC)",Y,Y,
InpCouChes,Job Code,040265,"Beautician ",Y,Y,
InpCouChes,Job Code,040266,"LPN - Clinical Leader",Y,Y,Licensed Practical/Vocational Nurse with Administrative Duties
InpCouChes,Job Code,040267,"LPN Scheduler",Y,Y,
InpCouChes,Job Code,040268,"LPN Palliative Care Nurse",Y,Y,Licensed Practical/Vocational Nurse
InpCouChes,Job Code,040269,"LPN Wound Care Nurse",Y,Y,
InpCouChes,Job Code,040270,"Asst Orphans Court Admin",Y,Y,
InpCouChes,Job Code,040271,"Intake Coordinator",Y,Y,
InpCouChes,Job Code,040272,"Intake Coordinator",Y,Y,
InpCouChes,Job Code,040273,"Assist Mgr of Accts Payable",Y,Y,
InpCouChes,Job Code,040274,"Client Assistance Coordinator",Y,Y,
InpCouChes,Job Code,040280,"Env Health Specialist I ",Y,Y,
InpCouChes,Job Code,040285,"Wghts&Meas Deputy Sealer ",Y,Y,
InpCouChes,Job Code,040307,"Sr Admin Support Specialist",Y,Y,
InpCouChes,Job Code,040310,"Youth Center Supervisor",Y,Y,
InpCouChes,Job Code,040312,"Evening Reporting Center Supv",Y,Y,
InpCouChes,Job Code,040313,"Operations Supervisor",Y,Y,
InpCouChes,Job Code,040315,"Shelter Supervisor",Y,Y,
InpCouChes,Job Code,040320,"Prison Supervisor II",Y,Y,
InpCouChes,Job Code,040328,"ProgCoord, Homeland Sec Grant",Y,Y,
InpCouChes,Job Code,040329,"Telecommunicator II",Y,Y,
InpCouChes,Job Code,040330,"Telecommunicator II",Y,Y,
InpCouChes,Job Code,040335,"Condo Townhouse Specialist",Y,Y,
InpCouChes,Job Code,040336,"Voting Machine Polling Plce Cd",Y,Y,
InpCouChes,Job Code,040337,"Voting Machine Supervisor",Y,Y,
InpCouChes,Job Code,040338,"Highway Safety Project Directr",Y,Y,
InpCouChes,Job Code,040345,"Real Estate Appraiser III",Y,Y,
InpCouChes,Job Code,040347,"Commercial Industr Specialist",Y,Y,
InpCouChes,Job Code,040350,"Graphic Arts Specialist I",Y,Y,
InpCouChes,Job Code,040353,"Pretrial Services Officer Spec",Y,Y,
InpCouChes,Job Code,040355,"Assistant to Director of DES",Y,Y,
InpCouChes,Job Code,040360,"SSS VI",Y,Y,
InpCouChes,Job Code,040361,"SSS VI  ",Y,Y,
InpCouChes,Job Code,040362,"SSS VI",Y,Y,
InpCouChes,Job Code,040363,"EMS Certification Coordinator",Y,Y,
InpCouChes,Job Code,040364,"Child Forensic Interviewer",Y,Y,
InpCouChes,Job Code,040365,"Land Records Technician III",Y,Y,
InpCouChes,Job Code,040367,"Community Resilience Coord",Y,Y,
InpCouChes,Job Code,040370,"ADC Program Coordinator",Y,Y,
InpCouChes,Job Code,040380,"Library Assistant IV",Y,Y,
InpCouChes,Job Code,040382,"Volunteer Coordinator ",Y,Y,
InpCouChes,Job Code,040390,"Library Assist IV  ",Y,Y,
InpCouChes,Job Code,040399,"Community Service Liaison",Y,Y,
InpCouChes,Job Code,040410,"Counselor I",Y,Y,
InpCouChes,Job Code,040411,"Safety & Security Supervisor",Y,Y,
InpCouChes,Job Code,040417,"Construction Supervisor",Y,Y,
InpCouChes,Job Code,040420,"Secretarial Supv I ",Y,Y,
InpCouChes,Job Code,040430,"D J Clerk III ",Y,Y,
InpCouChes,Job Code,040442,"Press Binder Operator Assistnt",Y,Y,
InpCouChes,Job Code,040444,"Press Binder Operator Floater",Y,Y,
InpCouChes,Job Code,040445,"Press Binder Operator",Y,Y,
InpCouChes,Job Code,040449,"Account Clerk III",Y,Y,
InpCouChes,Job Code,040450,"Account Clerk III",Y,Y,
InpCouChes,Job Code,040451,"Account Clerk III",Y,Y,
InpCouChes,Job Code,040453,"Payroll Coordinator I",Y,Y,
InpCouChes,Job Code,040454,"Payroll Coordinator II",Y,Y,
InpCouChes,Job Code,040455,"Nursing Scheduler Payroll Crd",Y,Y,
InpCouChes,Job Code,040460,"Account Clerk III ",Y,Y,
InpCouChes,Job Code,040481,"PHEP Program Associate",Y,Y,
InpCouChes,Job Code,040488,"Public Health Planner",Y,Y,
InpCouChes,Job Code,040489,"Program Coordinator (PH)",Y,Y,
InpCouChes,Job Code,040491,"Program Administrator",Y,Y,
InpCouChes,Job Code,040492,"Program Coord - Planning",Y,Y,
InpCouChes,Job Code,040493,"Program Coord-Career Link",Y,Y,
InpCouChes,Job Code,040494,"Training Coordinator",Y,Y,
InpCouChes,Job Code,040495,"Program Administrator",Y,Y,
InpCouChes,Job Code,040508,"Voter Outreach Coordinator",Y,Y,
InpCouChes,Job Code,040509,"Election Technology Coord",Y,Y,
InpCouChes,Job Code,040510,"SSS V",Y,Y,
InpCouChes,Job Code,040511,"Disposition Clerk",Y,Y,
InpCouChes,Job Code,040512,"SSS V ",Y,Y,
InpCouChes,Job Code,040513,"SSS V",Y,Y,
InpCouChes,Job Code,040514,"Publications Coordinator",Y,Y,
InpCouChes,Job Code,040515,"Tobacco Enforcement Officer",Y,Y,
InpCouChes,Job Code,040520,"Computer Operator II",Y,Y,
InpCouChes,Job Code,040525,"PC Technician I",Y,Y,
InpCouChes,Job Code,040537,"Land Records Technician II",Y,Y,
InpCouChes,Job Code,040540,"MIS Coordinator ",Y,Y,
InpCouChes,Job Code,040550,"Correctional Officer II",Y,Y,
InpCouChes,Job Code,040557,"School Safety Planning Coordnt",Y,Y,
InpCouChes,Job Code,040558,"Program Coordinator (DUI)",Y,Y,
InpCouChes,Job Code,040559,"Training Systems Specialist",Y,Y,
InpCouChes,Job Code,040560,"Prison Supervisor I",Y,Y,
InpCouChes,Job Code,040561,"Public Safety Training Speclst",Y,Y,
InpCouChes,Job Code,040569,"Vehicle Custodian",Y,Y,
InpCouChes,Job Code,040570,"Maint Const Worker II",Y,Y,
InpCouChes,Job Code,040571,"Farmer Husbandryman ",Y,Y,
InpCouChes,Job Code,040572,"Horticulturist MCW II",Y,Y,
InpCouChes,Job Code,040573,"Farmer Husbandry MCW II",Y,Y,
InpCouChes,Job Code,040574,"Maintenance Technician I",Y,Y,Other Service Worker
InpCouChes,Job Code,040575,"Maintenance Technician I",Y,Y,
InpCouChes,Job Code,040576,"Maintenance Technician II",Y,Y,Other Service Worker
InpCouChes,Job Code,040577,"Maintenance Technician II",Y,Y,
InpCouChes,Job Code,040578,"Maintenance Technician III",Y,Y,
InpCouChes,Job Code,040579,"Driver (non-CDL)",Y,Y,
InpCouChes,Job Code,040580,"Maint Const Tech III",Y,Y,
InpCouChes,Job Code,040581,"Flexible Benefit Coordinator",Y,Y,
InpCouChes,Job Code,040582,"Driver Trainer",Y,Y,
InpCouChes,Job Code,040583,"Maint Const Tech III",Y,Y,
InpCouChes,Job Code,040584,"Safety Officer",Y,Y,
InpCouChes,Job Code,040585,"SSS V",Y,Y,
InpCouChes,Job Code,040586,"Bus Monitor",Y,Y,
InpCouChes,Job Code,040590,"D J Clerk II",Y,Y,
InpCouChes,Job Code,040591,"SSS V",Y,Y,
InpCouChes,Job Code,040610,"Real Estate Appraiser II",Y,Y,
InpCouChes,Job Code,040611,"Appeals Act 319 Coordinator",Y,Y,
InpCouChes,Job Code,040630,"Laundry Working Supervisor",Y,Y,Other Service Worker
InpCouChes,Job Code,040635,"GIS Analyst I",Y,Y,
InpCouChes,Job Code,040650,"Youth Center Officer I",Y,Y,
InpCouChes,Job Code,040651,"Facilities Systems Supervisor",Y,Y,
InpCouChes,Job Code,040652,"Interventionist  I",Y,Y,
InpCouChes,Job Code,040653,"Security Control Officer",Y,Y,
InpCouChes,Job Code,040654,"Interventionist II",Y,Y,
InpCouChes,Job Code,040655,"Facilities Systems Assistant",Y,Y,
InpCouChes,Job Code,040661,"ePin Support Analyst",Y,Y,
InpCouChes,Job Code,040662,"Application Analyst",Y,Y,
InpCouChes,Job Code,040670,"Clinic Coordinator",Y,Y,
InpCouChes,Job Code,040680,"Deputy Sheriff II",Y,Y,
InpCouChes,Job Code,040685,"Deputy Sheriff III",Y,Y,
InpCouChes,Job Code,040690,"Counselor II",Y,Y,
InpCouChes,Job Code,040691,"Crew Leader",Y,Y,
InpCouChes,Job Code,040692,"Counselor III",Y,Y,
InpCouChes,Job Code,040710,"Cook",Y,Y,Other Service Worker
InpCouChes,Job Code,040720,"Housekeeping Wrkr Supv",Y,Y,
InpCouChes,Job Code,040721,"Dispatcher",Y,Y,
InpCouChes,Job Code,040729,"Telecommunicator I",Y,Y,
InpCouChes,Job Code,040730,"Telecommunicator I",Y,Y,
InpCouChes,Job Code,040761,"Maintenance Worker  ",Y,Y,
InpCouChes,Job Code,040770,"Real Estate Manager",Y,Y,
InpCouChes,Job Code,040777,"GIS Specialist I",Y,Y,
InpCouChes,Job Code,040778,"Legal Staff Support Clerk",Y,Y,
InpCouChes,Job Code,040779,"Land Records Technician",Y,Y,
InpCouChes,Job Code,040780,"SSS IV",Y,Y,
InpCouChes,Job Code,040781,"SSS IV",Y,Y,
InpCouChes,Job Code,040783,"SSS IV",Y,Y,
InpCouChes,Job Code,040784,"Drug & Alcohol Testing Tech",Y,Y,
InpCouChes,Job Code,040785,"Scope Operator  ",Y,Y,
InpCouChes,Job Code,040786,"Automation & Docketing Clerk",Y,Y,
InpCouChes,Job Code,040787,"SSS   IR Specialist",Y,Y,
InpCouChes,Job Code,040788,"Administrative Associate",Y,Y,
InpCouChes,Job Code,040789,"Administrative Associate-YC",Y,Y,
InpCouChes,Job Code,040790,"I&R Specialist - Aging",Y,Y,
InpCouChes,Job Code,040791,"Support Services Technician",Y,Y,
InpCouChes,Job Code,040792,"Administrative Specialist",Y,Y,
InpCouChes,Job Code,040820,"Human Resources Analyst I",Y,Y,
InpCouChes,Job Code,040822,"Administrative Assistant",Y,Y,
InpCouChes,Job Code,040830,"Library Assistant III",Y,Y,
InpCouChes,Job Code,040831,"Public Computing Coordinator",Y,Y,
InpCouChes,Job Code,040842,"Human Resources Analyst II",Y,Y,
InpCouChes,Job Code,040843,"Human Resources Specialist",Y,Y,
InpCouChes,Job Code,040860,"Pretrial Services Officer",Y,Y,
InpCouChes,Job Code,040862,"Human Resources Analyst III",Y,Y,
InpCouChes,Job Code,040870,"Account Clerk II",Y,Y,
InpCouChes,Job Code,040875,"Account Clerk II",Y,Y,
InpCouChes,Job Code,040877,"Acct Clk II-Financial",Y,Y,Other Service Worker
InpCouChes,Job Code,040879,"Payroll Analyst",Y,Y,
InpCouChes,Job Code,040881,"Probation Intern",Y,Y,
InpCouChes,Job Code,040891,"Payroll Specialist",Y,Y,
InpCouChes,Job Code,040910,"Fiscal Technician",Y,Y,
InpCouChes,Job Code,040912,"Fiscal Technician",Y,Y,
InpCouChes,Job Code,040914,"Fiscal Technician II",Y,Y,
InpCouChes,Job Code,040915,"Fiscal and Admin Coord",Y,Y,
InpCouChes,Job Code,040920,"Correctional Officer I",Y,Y,
InpCouChes,Job Code,040923,"Booking Officer",Y,Y,
InpCouChes,Job Code,040931,"Wheelchair Technician ",Y,Y,
InpCouChes,Job Code,040950,"Deputy Sheriff I",Y,Y,
InpCouChes,Job Code,040960,"Maint Const Worker I",Y,Y,
InpCouChes,Job Code,040970,"Maint Const Tech II",Y,Y,
InpCouChes,Job Code,040972,"Comm Svc Wrk Crew Foreman",Y,Y,
InpCouChes,Job Code,040973,"Maint Const Tech II",Y,Y,Housekeeping Service Worker
InpCouChes,Job Code,040991,"QA Data Management Coordinator",Y,Y,
InpCouChes,Job Code,041010,"Dom Rel Clerk II ",Y,Y,
InpCouChes,Job Code,041020,"P D Investigator I ",Y,Y,
InpCouChes,Job Code,041032,"Electronic Monitoring Offcr",Y,Y,
InpCouChes,Job Code,041034,"Geographic Reference Tech II",Y,Y,
InpCouChes,Job Code,041035,"Geographic Reference Tech II",Y,Y,
InpCouChes,Job Code,041040,"Physical Therapy Asst ",Y,Y,
InpCouChes,Job Code,041045,"Co Social Svcs Aide 3",Y,Y,
InpCouChes,Job Code,041070,"Laboratory Tech ",Y,Y,
InpCouChes,Job Code,041071,"Assistant Records Manager",Y,Y,
InpCouChes,Job Code,041075,"Digital Archives Technician",Y,Y,
InpCouChes,Job Code,041080,"Recvg & Strm Clk   Dietary Aid",Y,Y,
InpCouChes,Job Code,041085,"Regional Park Foreman",Y,Y,
InpCouChes,Job Code,041090,"Telecom Specialist ",Y,Y,
InpCouChes,Job Code,041094,"Telecommunications Tech II",Y,Y,
InpCouChes,Job Code,041100,"Computer Operator I  ",Y,Y,
InpCouChes,Job Code,041105,"Computer Operator I ",Y,Y,Other Service Worker
InpCouChes,Job Code,041106,"Computer Operator I ",Y,Y,
InpCouChes,Job Code,041107,"Voting Machine Technician",Y,Y,
InpCouChes,Job Code,041109,"Voting Machine Asst Tech",Y,Y,
InpCouChes,Job Code,041111,"Medical Records Clerk  P ",Y,Y,
InpCouChes,Job Code,041114,"Data Analyst 2",Y,Y,
InpCouChes,Job Code,041118,"SSS III ",Y,Y,
InpCouChes,Job Code,041120,"SSS III",Y,Y,
InpCouChes,Job Code,041121,"SSS III ",Y,Y,
InpCouChes,Job Code,041122,"SSS III",Y,Y,
InpCouChes,Job Code,041123,"SSS III",Y,Y,
InpCouChes,Job Code,041124,"Administrative Clerk",Y,Y,
InpCouChes,Job Code,041126,"Data Entry Operator",Y,Y,
InpCouChes,Job Code,041140,"Clerk Steno II ",Y,Y,Other Service Worker
InpCouChes,Job Code,041147,"Medical Assist Analyst ",Y,Y,
InpCouChes,Job Code,041150,"D J Clerk I",Y,Y,
InpCouChes,Job Code,041160,"Account Clerk I ",Y,Y,
InpCouChes,Job Code,041186,"Courier Driver ",Y,Y,
InpCouChes,Job Code,041187,"General Services Floater ",Y,Y,
InpCouChes,Job Code,041190,"Real Estate Appraiser I ",Y,Y,
InpCouChes,Job Code,041210,"Interviewer Verifier  Pd",Y,Y,
InpCouChes,Job Code,041211,"Interviewer Verifier PD",Y,Y,
InpCouChes,Job Code,041220,"Interviewer Verifier Bail",Y,Y,
InpCouChes,Job Code,041250,"Jury Clerk",Y,Y,
InpCouChes,Job Code,041270,"Library Assistant II",Y,Y,
InpCouChes,Job Code,041290,"Account Clerk I",Y,Y,
InpCouChes,Job Code,041291,"Account Clerk I ",Y,Y,
InpCouChes,Job Code,041293,"Automation Court Clerk",Y,Y,
InpCouChes,Job Code,041319,"Library Assist II",Y,Y,
InpCouChes,Job Code,041330,"Unit Clerk ",Y,Y,Other Service Worker
InpCouChes,Job Code,041340,"Telecomm Trainee ",Y,Y,
InpCouChes,Job Code,041342,"Telecommunicator Trainee ",Y,Y,
InpCouChes,Job Code,041370,"Storekeeper ",Y,Y,
InpCouChes,Job Code,041371,"Lead Storekeeper",Y,Y,
InpCouChes,Job Code,041380,"Security Operator",Y,Y,
InpCouChes,Job Code,041381,"Safety & Security Operator",Y,Y,
InpCouChes,Job Code,041420,"Nurse Aide",Y,Y,Certified Nurse Aide
InpCouChes,Job Code,041421,"Lead Nurse Aide (CNA)",Y,Y,Certified Nurse Aide
InpCouChes,Job Code,041422,"Nurse Aide Patient Drvr",Y,Y,Certified Nurse Aide
InpCouChes,Job Code,041423,"Nurse Aide (Restorative) ",Y,Y,
InpCouChes,Job Code,041424,"Shipping & Receiving Clerk",Y,Y,Other Service Worker
InpCouChes,Job Code,041425,"Court Reporter, Intern",Y,Y,
InpCouChes,Job Code,041426,"Palliative Chaplain",Y,Y,Other Service Worker
InpCouChes,Job Code,041427,"Nursing Assist-Modified ",Y,Y,
InpCouChes,Job Code,041450,"Cooks Helper ",Y,Y,Other Service Worker
InpCouChes,Job Code,041460,"Bldg Custodian Foreman",Y,Y,
InpCouChes,Job Code,041470,"Physcl Thrpy  Nrse Aide",Y,Y,
InpCouChes,Job Code,041480,"SSS II ",Y,Y,
InpCouChes,Job Code,041481,"SSS II  ",Y,Y,
InpCouChes,Job Code,041531,"Mailroom Clerk I",Y,Y,
InpCouChes,Job Code,041532,"Mailroom Clerk II",Y,Y,
InpCouChes,Job Code,041540,"Switchboard Mailrm Clrk ",Y,Y,Other Service Worker
InpCouChes,Job Code,041543,"Switchboard Mailrm Clrk",Y,Y,
InpCouChes,Job Code,041547,"Receptionist (Modified)",Y,Y,
InpCouChes,Job Code,041571,"Bms Operations Officer ",Y,Y,
InpCouChes,Job Code,041575,"Bldg Security Officer I ",Y,Y,Housekeeping Service Worker
InpCouChes,Job Code,041641,"Reproduction Clerk ",Y,Y,
InpCouChes,Job Code,041645,"Dietary Aide Trnr Montr ",Y,Y,
InpCouChes,Job Code,041646,"Resident Services Technician",Y,Y,Other Service Worker
InpCouChes,Job Code,041647,"Transportation Aide ",Y,Y,
InpCouChes,Job Code,041648,"Resident Services Technician",Y,Y,
InpCouChes,Job Code,041649,"Activity  Aide",Y,Y,Other Activities Staff
InpCouChes,Job Code,041650,"Lead Housekeeper  ",Y,Y,Housekeeping Service Worker
InpCouChes,Job Code,041660,"Clerk Typist I ",Y,Y,
InpCouChes,Job Code,041668,"Food Service Clerk ",Y,Y,Other Service Worker
InpCouChes,Job Code,041670,"Dietary Aide  ",Y,Y,Other Service Worker
InpCouChes,Job Code,041671,"Dietary Aide",Y,Y,
InpCouChes,Job Code,041710,"Housekeeper",Y,Y,Housekeeping Service Worker
InpCouChes,Job Code,041711,"Housekeeper",Y,Y,Housekeeping Service Worker
InpCouChes,Job Code,041713,"Housekeeper",Y,Y,
InpCouChes,Job Code,041720,"Microfilmer I ",Y,Y,
InpCouChes,Job Code,041732,"Workers Comp Classification",Y,Y,
InpCouChes,Job Code,041740,"Bldg Maintenance Wrkr ",Y,Y,
InpCouChes,Job Code,041760,"Laundry Worker  ",Y,Y,Other Service Worker
InpCouChes,Job Code,041762,"Laundry Worker",Y,Y,Other Service Worker
InpCouChes,Job Code,041766,"Laundry Sorter-Modified",Y,Y,
InpCouChes,Job Code,041780,"Building Custodian ",Y,Y,
InpCouChes,Job Code,041781,"eGov Liaison",Y,Y,
InpCouChes,Job Code,041782,"Help Desk Analyst I - Library",Y,Y,
InpCouChes,Job Code,041783,"eGov Liaison",Y,Y,
InpCouChes,Job Code,048170,"County Social Worker I",Y,Y,
InpCouChes,Job Code,048250,"Probation Officer Spclst",Y,Y,
InpCouChes,Job Code,048251,"Probation Offcr Specialist",Y,Y,
InpCouChes,Job Code,048252,"Community Service Coordinator",Y,Y,
InpCouChes,Job Code,048253,"Aging Community Service Coord",Y,Y,
InpCouChes,Job Code,048350,"Probation Offcr Specialist II",Y,Y,
InpCouChes,Job Code,048460,"EI Service Coordinator",Y,Y,
InpCouChes,Job Code,048461,"ID Support Coordinator",Y,Y,
InpCouChes,Job Code,048539,"Probation Officer II AP",Y,Y,
InpCouChes,Job Code,048540,"Probation Officer II",Y,Y,
InpCouChes,Job Code,048559,"GPS Specialist",Y,Y,
InpCouChes,Job Code,048560,"County Caseworker II",Y,Y,
InpCouChes,Job Code,048561,"Provider Specialist (CCIS)",Y,Y,
InpCouChes,Job Code,048562,"Eligibility Specialist",Y,Y,
InpCouChes,Job Code,048563,"Casework Specialist",Y,Y,
InpCouChes,Job Code,048564,"Cty Caseworker II - Shift 1",Y,Y,
InpCouChes,Job Code,048565,"Aging Care Manager II",Y,Y,
InpCouChes,Job Code,048566,"Cty Caseworker II - Shift 2",Y,Y,
InpCouChes,Job Code,048567,"Protective Service Care Managr",Y,Y,
InpCouChes,Job Code,048568,"Service Coordinator",Y,Y,
InpCouChes,Job Code,048569,"Community Service Care Coord",Y,Y,
InpCouChes,Job Code,048570,"Casework Specialist - Shift 1",Y,Y,
InpCouChes,Job Code,048571,"Casework Specialist - Shift 2",Y,Y,
InpCouChes,Job Code,048572,"EI Training & Transition Coord",Y,Y,
InpCouChes,Job Code,048573,"Protective Serv Sup Assistant",Y,Y,
InpCouChes,Job Code,048580,"MH Caseworker II",Y,Y,
InpCouChes,Job Code,048582,"Caseworker II (YC)",Y,Y,
InpCouChes,Job Code,048644,"Enforcement Officer",Y,Y,
InpCouChes,Job Code,048655,"D&A Case Mgmnt Spclst",Y,Y,
InpCouChes,Job Code,048780,"Probation Officer I - JP",Y,Y,
InpCouChes,Job Code,048783,"Comm Service Casework Mgr JP",Y,Y,
InpCouChes,Job Code,048784,"Probation Officer I-AP",Y,Y,
InpCouChes,Job Code,048821,"Social Worker I",Y,Y,
InpCouChes,Job Code,048930,"County Caseworker I",Y,Y,
InpCouChes,Job Code,048933,"Aging Community Service Coord",Y,Y,
InpCouChes,Job Code,201470,"Administrative Assistant I",Y,Y,
InpCouChes,Job Code,203590,"Outreach Worker",Y,Y,
InpCouChes,Job Code,210030,"Interim Director Human Svcs",Y,Y,
InpCouChes,Job Code,210040,"Public Health Physician",Y,Y,
InpCouChes,Job Code,210041,"Asst Director of Assessment-PT",Y,Y,
InpCouChes,Job Code,210240,"Dir Bureau Personal Hlth ",Y,Y,
InpCouChes,Job Code,210250,"Court Administrator ",Y,Y,
InpCouChes,Job Code,210380,"Tax Claim Specialist ",Y,Y,
InpCouChes,Job Code,210520,"Consumer Affairs Dir ",Y,Y,
InpCouChes,Job Code,220011,"Interim Manager  ",Y,Y,
InpCouChes,Job Code,220037,"Risk Manager ",Y,Y,
InpCouChes,Job Code,220085,"Hearing Officer - PT",Y,Y,
InpCouChes,Job Code,220086,"Custody Conciliator - PT",Y,Y,
InpCouChes,Job Code,220172,"Stewardship Coordinator",Y,Y,
InpCouChes,Job Code,220241,"Deputy Dir Of Admin ",Y,Y,
InpCouChes,Job Code,220290,"Assist Dir Domestic Relations",Y,Y,
InpCouChes,Job Code,220342,"Coroner's Investigator-PT",Y,Y,
InpCouChes,Job Code,220345,"Coroner's Autopsy Assistant-PT",Y,Y,
InpCouChes,Job Code,220346,"PT Autopsy Technician",Y,Y,
InpCouChes,Job Code,220347,"Coroner's Transporter-PT",Y,Y,
InpCouChes,Job Code,220417,"Construction Supervisor",Y,Y,
InpCouChes,Job Code,220430,"Administrative Officer I (PT)",Y,Y,
InpCouChes,Job Code,220431,"Administrative Officer 2-PS",Y,Y,
InpCouChes,Job Code,220459,"Dpty Dir of Emergency Planning",Y,Y,
InpCouChes,Job Code,220461,"Training Coordinator (PT)",Y,Y,
InpCouChes,Job Code,220492,"Homeless Coordinator",Y,Y,
InpCouChes,Job Code,220493,"Program Coordinator ",Y,Y,
InpCouChes,Job Code,220641,"Training Coordinator (PT)",Y,Y,
InpCouChes,Job Code,220675,"Consumer Liaison",Y,Y,
InpCouChes,Job Code,220694,"Contracts Coordinator ",Y,Y,
InpCouChes,Job Code,220820,"SCA Drug Alcohol Prgrm Rep",Y,Y,
InpCouChes,Job Code,220940,"Resource Conservationist ",Y,Y,
InpCouChes,Job Code,221045,"AG Land Prsrvtn Asst ",Y,Y,
InpCouChes,Job Code,221053,"ES Trainer I ",Y,Y,
InpCouChes,Job Code,221060,"Emergency Svcs Coordinator",Y,Y,
InpCouChes,Job Code,221065,"PT Law Enforce Background Inv",Y,Y,
InpCouChes,Job Code,221080,"Investigator",Y,Y,
InpCouChes,Job Code,221200,"Juvenile Investigator ",Y,Y,
InpCouChes,Job Code,230012,"Documentation Specialist ",Y,Y,
InpCouChes,Job Code,230013,"M H Program Specialist II (PT)",Y,Y,
InpCouChes,Job Code,230040,"Probation Officer",Y,Y,
InpCouChes,Job Code,230045,"Community Svc Crew Foreman",Y,Y,
InpCouChes,Job Code,230070,"Compensation Manager",Y,Y,
InpCouChes,Job Code,230088,"Systems Analyst I (PT)",Y,Y,
InpCouChes,Job Code,230089,"Homeless Mgmnt Info Sys UL",Y,Y,
InpCouChes,Job Code,230093,"GIS Software Analyst",Y,Y,
InpCouChes,Job Code,230121,"Financial Analyst ",Y,Y,
InpCouChes,Job Code,230124,"PT Public Health System Analys",Y,Y,
InpCouChes,Job Code,230127,"Bridge Technician ",Y,Y,
InpCouChes,Job Code,230171,"Chesco Econmc Export Coord ",Y,Y,
InpCouChes,Job Code,230217,"Bridge Technician",Y,Y,
InpCouChes,Job Code,230251,"Probation Officer Specialist",Y,Y,
InpCouChes,Job Code,230268,"Project Consultant",Y,Y,
InpCouChes,Job Code,230269,"Public Information Spec PT",Y,Y,
InpCouChes,Job Code,230270,"Communication Director",Y,Y,
InpCouChes,Job Code,230274,"Graphics Specialist (PT)",Y,Y,
InpCouChes,Job Code,230340,"Pediatric Nrs Practitioner ",Y,Y,
InpCouChes,Job Code,230429,"Veterans' Crt Mentor Prog Crd",Y,Y,
InpCouChes,Job Code,230435,"Site Commander",Y,Y,
InpCouChes,Job Code,230460,"Law Graduate ",Y,Y,
InpCouChes,Job Code,230463,"Legal Intern",Y,Y,
InpCouChes,Job Code,230481,"Budget Analyst II",Y,Y,
InpCouChes,Job Code,230482,"GIS Analyst",Y,Y,
InpCouChes,Job Code,230500,"Bridge Envrnmntl Analyst ",Y,Y,
InpCouChes,Job Code,230540,"Probation Officer II",Y,Y,
InpCouChes,Job Code,230543,"PT Administrative Analyst",Y,Y,
InpCouChes,Job Code,230565,"Aging Care Mgr II",Y,Y,
InpCouChes,Job Code,230580,"Public Health Nurse ",Y,Y,
InpCouChes,Job Code,230625,"Buyer",Y,Y,
InpCouChes,Job Code,230637,"Critcl Incdnt Stress Mgmnt Crd",Y,Y,
InpCouChes,Job Code,230642,"Enforcement Officer ",Y,Y,
InpCouChes,Job Code,230644,"Registered Nurse (PT)",Y,Y,
InpCouChes,Job Code,230645,"Registered Nurse PT",Y,Y,Registered Nurse
InpCouChes,Job Code,230651,"Nutritionist",Y,Y,
InpCouChes,Job Code,230655,"D A Treatment Specialist ",Y,Y,
InpCouChes,Job Code,230675,"Registered Nurse - Aging",Y,Y,
InpCouChes,Job Code,230680,"R.N. ",Y,Y,
InpCouChes,Job Code,230728,"Administrative Ast II",Y,Y,
InpCouChes,Job Code,230730,"Environmental Educ Assist ",Y,Y,
InpCouChes,Job Code,230775,"Real Estate Analyst ",Y,Y,
InpCouChes,Job Code,230780,"Probation Officer I (CPU)",Y,Y,
InpCouChes,Job Code,230781,"Interpreter",Y,Y,
InpCouChes,Job Code,230810,"Recycling Coord ",Y,Y,
InpCouChes,Job Code,230823,"RN, Clinic ",Y,Y,
InpCouChes,Job Code,230835,"Personnel Recruiter",Y,Y,
InpCouChes,Job Code,230860,"Accountant I (PT)",Y,Y,
InpCouChes,Job Code,230870,"DATABASE DEVELOPER I",Y,Y,
InpCouChes,Job Code,230910,"Public Health Educator PT",Y,Y,
InpCouChes,Job Code,230955,"Development Officer ",Y,Y,
InpCouChes,Job Code,230980,"Court Reporter I ",Y,Y,
InpCouChes,Job Code,230984,"Teen Court Coordinator ",Y,Y,
InpCouChes,Job Code,231360,"Sr Financial Analyst",Y,Y,
InpCouChes,Job Code,232216,"Personal Property Tax Coord",Y,Y,
InpCouChes,Job Code,232218,"Personal Prpty Estate Admn ",Y,Y,
InpCouChes,Job Code,240060,"Env Health Specialist III ",Y,Y,
InpCouChes,Job Code,240102,"Staff Assistant (PT)",Y,Y,
InpCouChes,Job Code,240141,"Human Resources Technician",Y,Y,
InpCouChes,Job Code,240157,"AHSS Instructor CRN Evaluator",Y,Y,
InpCouChes,Job Code,240200,"Telecommunicator III ",Y,Y,
InpCouChes,Job Code,240202,"E S Instructor ",Y,Y,
InpCouChes,Job Code,240203,"Telecommunicator IV",Y,Y,
InpCouChes,Job Code,240205,"PST Facility  Coord",Y,Y,
InpCouChes,Job Code,240222,"Environemtal Health Technician",Y,Y,
InpCouChes,Job Code,240223,"MBD Specialist",Y,Y,
InpCouChes,Job Code,240262,"LPN",Y,Y,
InpCouChes,Job Code,240263,"Resident Assessor (PT)",Y,Y,
InpCouChes,Job Code,240302,"Regional EMS Medical Director",Y,Y,
InpCouChes,Job Code,240330,"Telecommunicator II ",Y,Y,
InpCouChes,Job Code,240339,"Highway Safety Project Coord",Y,Y,
InpCouChes,Job Code,240360,"SSS VI (PT)",Y,Y,
InpCouChes,Job Code,240381,"Volunteer Coordinator I",Y,Y,
InpCouChes,Job Code,240447,"General Svcs Floater ",Y,Y,
InpCouChes,Job Code,240450,"Account Clerk III",Y,Y,
InpCouChes,Job Code,240491,"Program Administrator (PT)",Y,Y,
InpCouChes,Job Code,240510,"SSS V ",Y,Y,
InpCouChes,Job Code,240515,"Tobacco Enforcement Officer",Y,Y,
InpCouChes,Job Code,240600,"GIS Intern",Y,Y,
InpCouChes,Job Code,240610,"Administrative Staff Clrk",Y,Y,
InpCouChes,Job Code,240653,"Security Control Officer",Y,Y,
InpCouChes,Job Code,240670,"Clinic Coordinator (PT)",Y,Y,
InpCouChes,Job Code,240710,"Cook (Part-Time)",Y,Y,Other Service Worker
InpCouChes,Job Code,240729,"Telecommunicator I",Y,Y,
InpCouChes,Job Code,240730,"Telecommunicator II",Y,Y,
InpCouChes,Job Code,240731,"Telecommunicator III",Y,Y,
InpCouChes,Job Code,240732,"Telecommunicator IV",Y,Y,
InpCouChes,Job Code,240781,"SSS IV",Y,Y,
InpCouChes,Job Code,240782,"Community Service Case Aide",Y,Y,
InpCouChes,Job Code,240783,"SSS III (PT)",Y,Y,
InpCouChes,Job Code,240784,"Community Service Supervisor I",Y,Y,
InpCouChes,Job Code,240785,"Community Service Worker (PT)",Y,Y,
InpCouChes,Job Code,240788,"Administrative Associate (PT)",Y,Y,
InpCouChes,Job Code,240830,"Library Assistant III PT",Y,Y,
InpCouChes,Job Code,240860,"Bail Investigator",Y,Y,
InpCouChes,Job Code,240870,"Account Clerk II ",Y,Y,
InpCouChes,Job Code,240879,"Payroll Analyst",Y,Y,
InpCouChes,Job Code,240910,"Fiscal Technician - Part Time",Y,Y,
InpCouChes,Job Code,240920,"Correctional Officer I ",Y,Y,
InpCouChes,Job Code,240990,"Clerk Typist II  ",Y,Y,
InpCouChes,Job Code,241107,"Voting Machine Technician",Y,Y,
InpCouChes,Job Code,241111,"Medical Records Clerk-PT",Y,Y,
InpCouChes,Job Code,241180,"Assessment Specialist ",Y,Y,
InpCouChes,Job Code,241185,"Courier Driver ",Y,Y,
InpCouChes,Job Code,241186,"PT Driver (non-CDL)",Y,Y,
InpCouChes,Job Code,241190,"Real Estate Appraisal Reviewer",Y,Y,
InpCouChes,Job Code,241210,"Interviewer Verifier ",Y,Y,
InpCouChes,Job Code,241270,"Bookmobile Driver ",Y,Y,
InpCouChes,Job Code,241280,"Public Health Assistant ",Y,Y,
InpCouChes,Job Code,241339,"Telecommunicator",Y,Y,
InpCouChes,Job Code,241340,"Telecommunicator Trainer",Y,Y,
InpCouChes,Job Code,241345,"Hazmat Responder",Y,Y,
InpCouChes,Job Code,241480,"Park Technician",Y,Y,
InpCouChes,Job Code,241482,"SSS II (Part-time)",Y,Y,
InpCouChes,Job Code,241484,"Research Assistant ",Y,Y,
InpCouChes,Job Code,241581,"Co Social Svc Aide I ",Y,Y,
InpCouChes,Job Code,241660,"Clerk Typist I",Y,Y,
InpCouChes,Job Code,242219,"Personal Prprty Tx Auditor ",Y,Y,
InpCouChes,Job Code,248540,"Probation Officer II",Y,Y,
InpCouChes,Job Code,248780,"Probation Officer I",Y,Y,
InpCouChes,Job Code,350260,"LPN",Y,Y,Licensed Practical/Vocational Nurse
InpCouChes,Job Code,350261,"Licensed Practical Nurse(PT)",Y,Y,Licensed Practical/Vocational Nurse
InpCouChes,Job Code,350262,"PT Mental Health Specialist",Y,Y,
InpCouChes,Job Code,351080,"Receiving Strm Ck  ",Y,Y,
InpCouChes,Job Code,351160,"Account Clerk I ",Y,Y,
InpCouChes,Job Code,351330,"Unit Clerk ",Y,Y,
InpCouChes,Job Code,351420,"Nurse Aide",Y,Y,Certified Nurse Aide
InpCouChes,Job Code,351425,"Patient Driver",Y,Y,Other Service Worker
InpCouChes,Job Code,351470,"Nurse Aide (Restorative)",Y,Y,
InpCouChes,Job Code,351540,"Swtchbd Mailrm Clk",Y,Y,Other Service Worker
InpCouChes,Job Code,351560,"Bldg & Sec Offcr I ",Y,Y,Housekeeping Service Worker
InpCouChes,Job Code,351649,"Activity Aide (PT)",Y,Y,Other Activities Staff
InpCouChes,Job Code,351650,"Resident Services Technician",Y,Y,Certified Nurse Aide
InpCouChes,Job Code,351670,"Dietary Aide",Y,Y,
InpCouChes,Job Code,351672,"Dietary Aide Intern",Y,Y,Other Service Worker
InpCouChes,Job Code,351710,"Housekeeper",Y,Y,
InpCouChes,Job Code,351732,"Workers Comp Classfctn ",Y,Y,
InpCouChes,Job Code,351760,"Laundry Worker ",Y,Y,
InpCouChes,Job Code,390073,"Occupational Therapist",Y,Y,
InpCouChes,Job Code,390075,"Speech Therapist",Y,Y,
InpCouChes,Job Code,390213,"Asst Rn Assessment Coord ",Y,Y,
InpCouChes,Job Code,390520,"Dietitian  ",Y,Y,
InpCouChes,Job Code,390671,"Registered Nurse",Y,Y,
InpCouChes,Job Code,390830,"Recreational Therapist",Y,Y,
InpCouChes,Job Code,390953,"Barber",Y,Y,
InpCouChes,Job Code,396850,"Stf Dvlpmnt Instrctr",Y,Y,
InpCouChes,Job Code,396970,"PRN",Y,Y,Registered Nurse
InpCouChes,Job Code,501470,"Administrative Assistant",Y,Y,Other Service Worker
InpCouChes,Job Code,502180,"Tourism Director ",Y,Y,
InpCouChes,Job Code,503300,"Enforce Supervisor ",Y,Y,
InpCouChes,Job Code,503430,"A R D Investigator ",Y,Y,
InpCouChes,Job Code,508020,"Park Facility Manager ",Y,Y,
InpCouChes,Job Code,508320,"Micrograph Sup",Y,Y,
InpCouChes,Job Code,509400,"Dom Rel Investigator ",Y,Y,
InpCouChes,Job Code,599710,"County Casework Supv ",Y,Y,
InpCouChes,Job Code,601482,"GIS Analyst III",Y,Y,
InpCouChes,Job Code,601510,"Systems Analyst",Y,Y,
InpCouChes,Job Code,601710,"Accountant",Y,Y,
InpCouChes,Job Code,601890,"Employment Coordinator",Y,Y,
InpCouChes,Job Code,601910,"Ast P R Officer",Y,Y,
InpCouChes,Job Code,603010,"Translator",Y,Y,
InpCouChes,Job Code,603400,"Dr Hearing Officer ",Y,Y,
InpCouChes,Job Code,603510,"Attorney",Y,Y,
InpCouChes,Job Code,603511,"Attorney (CPU)",Y,Y,
InpCouChes,Job Code,603515,"Assistant County Solicitor",Y,Y,
InpCouChes,Job Code,603850,"Law Clerk",Y,Y,
InpCouChes,Job Code,603870,"Summer Law Clerk",Y,Y,
InpCouChes,Job Code,604000,"Planner II (part-time)",Y,Y,
InpCouChes,Job Code,604010,"Asst County Engineer ",Y,Y,
InpCouChes,Job Code,604025,"Engineering Assistant",Y,Y,
InpCouChes,Job Code,604030,"Engineering Rep ",Y,Y,
InpCouChes,Job Code,604290,"Pediatric Nrs Practnr ",Y,Y,
InpCouChes,Job Code,604300,"Nutritionist ",Y,Y,
InpCouChes,Job Code,604330,"RN I ",Y,Y,
InpCouChes,Job Code,604340,"RN II ",Y,Y,
InpCouChes,Job Code,604350,"PH Nrse I ",Y,Y,
InpCouChes,Job Code,604370,"PH Nrse II ",Y,Y,
InpCouChes,Job Code,604371,"Environmntl Educ Prgrm Crd ",Y,Y,
InpCouChes,Job Code,604620,"Public Hlth Educator ",Y,Y,
InpCouChes,Job Code,605190,"Librarian",Y,Y,
InpCouChes,Job Code,605200,"Grant Proj Fac ",Y,Y,
InpCouChes,Job Code,605270,"Coordinator Of Volunteers ",Y,Y,
InpCouChes,Job Code,605680,"Yth Emplymnt Prgrm Cnslr ",Y,Y,
InpCouChes,Job Code,606260,"Art Therapist",Y,Y,
InpCouChes,Job Code,606850,"Staff Dev Instrctr ",Y,Y,
InpCouChes,Job Code,607150,"Assistant Fire Marshal",Y,Y,
InpCouChes,Job Code,609610,"County Caseworker",Y,Y,
InpCouChes,Job Code,648610,"County Caseworker",Y,Y,
InpCouChes,Job Code,648640,"County Caseworker",Y,Y,
InpCouChes,Job Code,766666,"Vested",Y,Y,
InpCouChes,Job Code,777777,"Pension",Y,Y,
InpCouChes,Job Code,801060,"General Clerk",Y,Y,Other Service Worker
InpCouChes,Job Code,801061,"General Clerk",Y,Y,
InpCouChes,Job Code,801062,"General Analyst",Y,Y,
InpCouChes,Job Code,801063,"Investigator ",Y,Y,
InpCouChes,Job Code,801064,"Program Coordinator",Y,Y,
InpCouChes,Job Code,801065,"Drug&Alcohol Testng Technician",Y,Y,
InpCouChes,Job Code,801066,"Custody Conciliator",Y,Y,
InpCouChes,Job Code,801067,"Coordinator of Volunteers",Y,Y,
InpCouChes,Job Code,801068,"Temporary Administrator",Y,Y,
InpCouChes,Job Code,801069,"Election Specialist",Y,Y,
InpCouChes,Job Code,801070,"Summer Clerk",Y,Y,
InpCouChes,Job Code,801071,"Chief Clerk",Y,Y,
InpCouChes,Job Code,801072,"Solicitor",Y,Y,
InpCouChes,Job Code,801073,"Temporary Paralegal",Y,Y,
InpCouChes,Job Code,801190,"Clerk Steno",Y,Y,
InpCouChes,Job Code,801310,"District Justice Clerk ",Y,Y,
InpCouChes,Job Code,801370,"Telecomm Speci",Y,Y,
InpCouChes,Job Code,801380,"PT Family Intervention Spec-JP",Y,Y,
InpCouChes,Job Code,801590,"Fiscal Clerk",Y,Y,
InpCouChes,Job Code,802010,"Map Plotter ",Y,Y,
InpCouChes,Job Code,802200,"Technical Aide ",Y,Y,
InpCouChes,Job Code,802510,"Data Entry Operator",Y,Y,
InpCouChes,Job Code,802540,"Computer Operator I",Y,Y,
InpCouChes,Job Code,802550,"Info Svcs Spec ",Y,Y,
InpCouChes,Job Code,803320,"Enforcement Offcr ",Y,Y,
InpCouChes,Job Code,803710,"Tipstaff",Y,Y,
InpCouChes,Job Code,803740,"Clerk At Law ",Y,Y,
InpCouChes,Job Code,803760,"Court Clerk",Y,Y,
InpCouChes,Job Code,803770,"CYF Court Liaison",Y,Y,
InpCouChes,Job Code,803800,"Judicial Secretary",Y,Y,
InpCouChes,Job Code,804120,"Planning Aide",Y,Y,
InpCouChes,Job Code,804250,"Nutritionist Aide ",Y,Y,
InpCouChes,Job Code,805010,"Library Page",Y,Y,
InpCouChes,Job Code,805015,"Van Driver ",Y,Y,
InpCouChes,Job Code,805100,"Library Assistant",Y,Y,
InpCouChes,Job Code,805180,"Literacy Asst",Y,Y,
InpCouChes,Job Code,805640,"Career Opprtnty Adults ",Y,Y,
InpCouChes,Job Code,805680,"Yth Emplyment Prgrm Aide ",Y,Y,
InpCouChes,Job Code,805700,"Yth Emplymnt Prgrm Mntr ",Y,Y,
InpCouChes,Job Code,806210,"Youth Center Officer",Y,Y,
InpCouChes,Job Code,806410,"Summer Aide ",Y,Y,
InpCouChes,Job Code,806430,"Unit Clerk ",Y,Y,
InpCouChes,Job Code,806500,"Laundry Wrkr ",Y,Y,
InpCouChes,Job Code,806610,"Dietitian Technician ",Y,Y,
InpCouChes,Job Code,806612,"Food & Nutrition Manager (PT)",Y,Y,Dietitian
InpCouChes,Job Code,806680,"Housekeeper",Y,Y,
InpCouChes,Job Code,806830,"Cooks Helper",Y,Y,
InpCouChes,Job Code,806840,"Food Svc Worker ",Y,Y,
InpCouChes,Job Code,806890,"Student Associate",Y,Y,
InpCouChes,Job Code,806930,"Charge Nurse ",Y,Y,
InpCouChes,Job Code,806940,"LPN ",Y,Y,
InpCouChes,Job Code,806960,"Nursing Assistant ",Y,Y,
InpCouChes,Job Code,806970,"PRN ",Y,Y,
InpCouChes,Job Code,806980,"Rec & Storerm Ck ",Y,Y,
InpCouChes,Job Code,807060,"Telecommunicator ",Y,Y,
InpCouChes,Job Code,807400,"Deputy Sheriff",Y,Y,
InpCouChes,Job Code,807490,"Correctional Officer ",Y,Y,
InpCouChes,Job Code,807610,"Counselor ",Y,Y,
InpCouChes,Job Code,808100,"Park Technician",Y,Y,
InpCouChes,Job Code,808101,"PT Ranger I",Y,Y,
InpCouChes,Job Code,808102,"PT Ranger",Y,Y,
InpCouChes,Job Code,808110,"Driver ",Y,Y,
InpCouChes,Job Code,808300,"Microfilmer",Y,Y,
InpCouChes,Job Code,808330,"Printer ",Y,Y,
InpCouChes,Job Code,808331,"Records Privacy Officer",Y,Y,
InpCouChes,Job Code,808410,"Graphic Arts Specialist",Y,Y,
InpCouChes,Job Code,808490,"Summer Mnt Wrkr ",Y,Y,
InpCouChes,Job Code,808500,"Maintenance Worker",Y,Y,Other Service Worker
InpCouChes,Job Code,808510,"Custodian",Y,Y,
InpCouChes,Job Code,808511,"Bus Monitor",Y,Y,
InpCouChes,Job Code,808512,"Laborer ",Y,Y,
InpCouChes,Job Code,808520,"BMS Operations Officer ",Y,Y,
InpCouChes,Job Code,808522,"Neighbrhood Stablzatn Prgm Int",Y,Y,
InpCouChes,Job Code,808524,"Marketing Coordinator Intern",Y,Y,
InpCouChes,Job Code,808530,"Building Secur",Y,Y,
InpCouChes,Job Code,808540,"Event Staff",Y,Y,
InpCouChes,Job Code,808600,"Delivery Person Courier",Y,Y,
InpCouChes,Job Code,808710,"PCC Worker ",Y,Y,
InpCouChes,Job Code,808720,"PCC Crew Leader ",Y,Y,
InpCouChes,Job Code,809350,"Clerical Supervisor ",Y,Y,
InpCouChes,Job Code,809480,"Aging Case Aide I ",Y,Y,
InpCouChes,Job Code,809841,"Co Social Svcs Aide II ",Y,Y,
InpCouChes,Job Code,809860,"Human Svcs Aide II ",Y,Y,
InpCouChes,Job Code,809940,"Fiscal Assistant",Y,Y,
InpCouChes,Job Code,830515,"BARJ Facilitator",Y,Y,
InpCouChes,Job Code,840151,"PT Special Proj Coordinator",Y,Y,
InpCouChes,Job Code,840411,"Safety & Security Sup-PT",Y,Y,
InpCouChes,Job Code,841250,"PT Jury Clerk",Y,Y,
InpCouChes,Job Code,841380,"Security Operator P T",Y,Y,
InpCouChes,Job Code,841381,"Safety & Security Operator-PT",Y,Y,
InpCouChes,Job Code,966666,"Assessment  Board",Y,Y,
InpCouChes,Job Code,988101,"Director of Archives & Records",Y,Y,
InpCouChes,Job Code,988102,"Court Administrator",Y,Y,
InpCouChes,Job Code,988103,"Deputy Court Administrator",Y,Y,
InpCouChes,Job Code,988104,"Common Pleas Judge",Y,Y,
InpCouChes,Job Code,988105,"President Judge",Y,Y,
InpCouChes,Job Code,988106,"Minor Judiciary Administrator",Y,Y,
InpCouChes,Job Code,988107,"Magisterial District Judge",Y,Y,
InpCouChes,Job Code,988108,"Archivist",Y,Y,
InpCouChes,Job Code,988109,"Commissioners' Advisor",Y,Y,
InpCouChes,Job Code,988110,"Chief Deputy Coroner",Y,Y,
InpCouChes,Job Code,988111,"EMS Support Manager",Y,Y,
InpCouChes,Job Code,988200,"Electorate",Y,Y,
InpCouChes,Job Code,988888,"Conversion Hire prior 1 1 96",Y,Y,
